product_id,nama_produk,kategori,harga
1,Produk-1,Fashion,50000
2,Produk-2,Elektronik,100000
3,Produk-3,Fashion,50000
4,Produk-4,Elektronik,200000
5,Produk-5,Elektronik,200000
6,Produk-6,Elektronik,100000
7,Produk-7,Makanan,200000
8,Produk-8,Fashion,200000
9,Produk-9,Fashion,100000
10,Produk-10,Makanan,50000
11,Produk-11,Fashion,50000
12,Produk-12,Elektronik,100000
13,Produk-13,Elektronik,100000
14,Produk-14,Makanan,200000
15,Produk-15,Elektronik,100000
16,Produk-16,Fashion,50000
17,Produk-17,Elektronik,50000
18,Produk-18,Elektronik,100000
19,Produk-19,Fashion,50000
20,Produk-20,Makanan,50000
