trx_id,toko_id,product_id,qty
T0,1,7,5
T1,2,5,5
T2,3,2,2
T3,2,2,2
T4,4,18,2
T5,3,19,3
T6,1,14,1
T7,2,8,1
T8,3,1,4
T9,2,9,2
T10,3,20,3
T11,2,13,3
T12,1,5,4
T13,1,20,4
T14,4,19,2
T15,2,13,4
T16,1,5,5
T17,3,9,5
T18,3,13,5
T19,1,20,2
T20,1,6,4
T21,4,9,3
T22,4,4,1
T23,2,2,2
T24,3,11,3
T25,4,11,1
T26,1,1,1
T27,4,15,3
T28,4,2,1
T29,3,16,2
T30,3,3,4
T31,3,4,3
T32,4,20,5
T33,3,10,3
T34,3,4,2
T35,2,6,2
T36,4,10,1
T37,3,12,3
T38,4,12,4
T39,3,9,3
T40,4,18,3
T41,3,7,5
T42,4,15,5
T43,4,9,5
T44,3,8,4
T45,2,15,4
T46,4,15,2
T47,1,3,2
T48,2,10,1
T49,2,5,3
T50,3,8,5
T51,4,13,2
T52,3,2,5
T53,2,19,5
T54,4,19,4
T55,2,3,5
T56,1,16,5
T57,1,4,2
T58,2,4,2
T59,4,18,2
T60,1,9,5
T61,1,19,3
T62,3,8,2
T63,3,2,1
T64,3,10,5
T65,4,10,1
T66,1,8,2
T67,1,17,4
T68,1,4,2
T69,4,8,2
T70,4,10,3
T71,3,12,2
T72,3,1,4
T73,3,10,4
T74,4,18,4
T75,1,13,1
T76,3,13,2
T77,2,11,2
T78,1,5,5
T79,1,20,3
T80,3,7,1
T81,1,20,3
T82,4,9,2
T83,2,19,3
T84,4,5,2
T85,1,13,5
T86,4,14,5
T87,3,3,4
T88,4,15,2
T89,1,17,1
T90,1,7,5
T91,2,15,4
T92,4,3,4
T93,1,18,4
T94,2,5,1
T95,4,17,3
T96,4,4,2
T97,4,14,5
T98,1,16,3
T99,2,10,5
T100,1,18,3
T101,4,3,4
T102,1,7,4
T103,3,1,5
T104,2,15,4
T105,3,8,5
T106,2,9,5
T107,1,17,2
T108,1,6,5
T109,3,2,3
T110,2,20,2
T111,4,20,1
T112,1,6,4
T113,4,2,5
T114,1,15,3
T115,4,3,5
T116,2,16,3
T117,3,8,3
T118,2,17,5
T119,3,3,4
T120,1,14,4
T121,3,8,4
T122,3,17,2
T123,3,4,2
T124,4,6,5
T125,2,3,4
T126,4,19,3
T127,2,11,5
T128,3,2,2
T129,2,6,5
T130,4,7,4
T131,2,2,1
T132,1,14,2
T133,4,13,4
T134,2,1,2
T135,3,9,1
T136,1,2,3
T137,3,12,4
T138,1,19,5
T139,4,1,1
T140,3,19,1
T141,3,5,3
T142,4,4,5
T143,4,10,1
T144,3,7,3
T145,1,16,2
T146,3,16,5
T147,2,16,5
T148,1,18,5
T149,1,15,3
T150,4,13,2
T151,3,16,2
T152,2,14,2
T153,3,6,2
T154,1,5,1
T155,3,5,3
T156,3,15,3
T157,4,19,5
T158,1,7,1
T159,4,11,1
T160,1,9,2
T161,4,8,1
T162,2,7,4
T163,2,18,3
T164,3,14,1
T165,2,16,5
T166,2,8,5
T167,1,10,3
T168,1,18,1
T169,3,18,3
T170,4,14,5
T171,2,9,1
T172,4,15,3
T173,3,14,3
T174,3,15,3
T175,4,9,4
T176,4,10,2
T177,3,19,2
T178,3,10,3
T179,3,7,4
T180,2,2,3
T181,1,11,3
T182,3,7,3
T183,1,9,5
T184,2,11,4
T185,3,14,3
T186,1,18,5
T187,4,1,4
T188,4,1,1
T189,3,2,3
T190,2,8,2
T191,1,1,5
T192,2,20,5
T193,1,14,4
T194,4,14,1
T195,4,11,4
T196,4,14,4
T197,3,8,2
T198,4,17,4
T199,2,10,3
T200,1,20,4
T201,3,10,2
T202,1,7,4
T203,3,13,4
T204,1,1,4
T205,2,17,5
T206,4,17,2
T207,2,4,3
T208,3,2,1
T209,4,17,1
T210,4,18,3
T211,1,7,3
T212,3,5,2
T213,3,8,1
T214,3,17,4
T215,1,8,5
T216,3,12,1
T217,4,2,3
T218,2,19,5
T219,1,1,2
T220,4,6,5
T221,3,19,2
T222,3,19,4
T223,1,13,5
T224,1,9,4
T225,1,8,4
T226,2,5,5
T227,1,13,1
T228,3,19,3
T229,3,16,4
T230,2,7,5
T231,3,4,2
T232,4,2,2
T233,4,8,4
T234,4,20,5
T235,2,9,5
T236,3,11,5
T237,2,14,3
T238,3,5,2
T239,3,15,4
T240,2,18,4
T241,2,13,4
T242,3,6,1
T243,2,4,2
T244,3,14,2
T245,4,16,5
T246,4,9,2
T247,2,3,3
T248,1,6,1
T249,4,8,4
T250,3,13,2
T251,1,2,4
T252,3,14,4
T253,3,7,5
T254,1,5,1
T255,1,10,5
T256,2,7,5
T257,4,11,4
T258,2,12,3
T259,3,6,5
T260,1,19,4
T261,4,13,5
T262,2,16,1
T263,4,13,3
T264,1,10,4
T265,2,9,1
T266,4,18,3
T267,3,8,5
T268,4,20,1
T269,1,13,4
T270,4,1,1
T271,2,11,2
T272,3,2,2
T273,3,15,2
T274,1,11,1
T275,4,12,1
T276,4,18,5
T277,2,7,5
T278,3,14,4
T279,2,1,5
T280,4,5,5
T281,3,3,4
T282,2,8,4
T283,2,18,3
T284,3,15,2
T285,4,10,4
T286,3,5,3
T287,1,20,4
T288,3,8,4
T289,3,18,5
T290,3,4,2
T291,4,1,5
T292,4,1,2
T293,1,5,2
T294,2,2,5
T295,2,15,4
T296,3,19,1
T297,1,8,2
T298,2,7,1
T299,4,4,3
T300,1,5,3
T301,2,9,5
T302,2,2,1
T303,3,17,2
T304,1,20,5
T305,1,15,4
T306,1,20,2
T307,3,9,2
T308,2,16,1
T309,1,11,2
T310,2,20,5
T311,3,12,2
T312,4,5,4
T313,2,15,4
T314,4,9,2
T315,3,14,1
T316,4,2,5
T317,1,20,3
T318,1,4,1
T319,3,6,3
T320,3,20,4
T321,3,6,1
T322,3,3,2
T323,1,16,5
T324,3,1,5
T325,2,7,4
T326,4,15,4
T327,1,2,1
T328,1,10,2
T329,1,7,4
T330,2,12,2
T331,3,7,3
T332,3,16,1
T333,4,10,1
T334,4,14,4
T335,3,18,4
T336,4,8,4
T337,4,15,5
T338,3,15,5
T339,3,5,2
T340,3,11,4
T341,2,15,1
T342,1,1,2
T343,2,6,3
T344,4,13,4
T345,2,3,5
T346,4,7,4
T347,1,1,2
T348,2,16,3
T349,1,3,1
T350,3,9,1
T351,2,1,3
T352,1,19,4
T353,2,7,1
T354,1,9,4
T355,2,12,4
T356,4,12,4
T357,3,2,4
T358,4,19,4
T359,2,18,1
T360,4,16,1
T361,4,16,3
T362,3,10,3
T363,3,15,5
T364,4,6,1
T365,4,6,3
T366,3,6,4
T367,1,4,3
T368,2,11,3
T369,4,6,2
T370,1,2,5
T371,1,18,5
T372,1,12,5
T373,1,9,2
T374,1,5,2
T375,4,7,4
T376,2,7,1
T377,2,6,1
T378,1,7,4
T379,1,11,1
T380,1,1,3
T381,4,3,5
T382,4,7,2
T383,1,20,4
T384,3,19,3
T385,4,16,3
T386,3,20,3
T387,2,2,4
T388,2,14,5
T389,2,7,5
T390,4,11,4
T391,1,14,2
T392,1,17,3
T393,2,8,5
T394,2,14,4
T395,2,17,4
T396,4,20,4
T397,4,5,2
T398,2,9,3
T399,2,13,3
T400,2,15,1
T401,2,17,4
T402,2,17,3
T403,2,14,5
T404,1,3,5
T405,3,15,2
T406,1,3,5
T407,2,1,1
T408,2,2,2
T409,2,19,3
T410,2,12,3
T411,2,5,2
T412,3,10,2
T413,3,7,3
T414,2,15,5
T415,2,12,3
T416,3,7,3
T417,3,9,1
T418,4,16,4
T419,2,19,2
T420,2,9,4
T421,3,10,1
T422,1,6,1
T423,4,1,3
T424,2,15,3
T425,3,1,2
T426,1,1,3
T427,2,5,5
T428,3,14,1
T429,2,19,3
T430,1,20,4
T431,1,10,2
T432,3,16,5
T433,2,1,5
T434,3,11,1
T435,2,11,1
T436,1,11,2
T437,3,12,2
T438,2,4,2
T439,2,17,4
T440,4,10,3
T441,2,5,3
T442,2,10,4
T443,4,6,1
T444,1,16,3
T445,2,7,2
T446,3,19,3
T447,4,12,5
T448,4,14,3
T449,3,16,1
T450,1,1,3
T451,2,13,5
T452,1,4,4
T453,3,18,5
T454,4,17,4
T455,2,19,4
T456,4,10,5
T457,3,16,1
T458,2,19,4
T459,3,6,2
T460,2,14,3
T461,1,12,3
T462,3,5,1
T463,2,2,2
T464,1,14,5
T465,3,14,3
T466,2,4,1
T467,3,10,3
T468,3,8,2
T469,4,4,4
T470,1,4,4
T471,1,3,5
T472,2,10,5
T473,3,13,4
T474,1,8,1
T475,1,7,2
T476,3,3,2
T477,1,6,3
T478,4,12,1
T479,4,13,4
T480,2,14,1
T481,2,13,5
T482,4,10,4
T483,4,3,5
T484,4,19,1
T485,2,13,4
T486,2,17,2
T487,3,12,3
T488,3,1,5
T489,2,6,4
T490,1,12,3
T491,3,20,4
T492,4,19,1
T493,2,2,2
T494,1,10,2
T495,2,17,4
T496,4,12,5
T497,3,18,1
T498,4,14,1
T499,2,19,3
T500,4,20,1
T501,4,6,4
T502,4,3,5
T503,4,3,4
T504,4,6,4
T505,2,3,3
T506,4,9,4
T507,4,17,2
T508,2,20,1
T509,2,19,5
T510,4,2,2
T511,3,20,1
T512,3,4,5
T513,3,7,5
T514,4,10,5
T515,1,16,4
T516,3,12,2
T517,2,6,1
T518,3,17,4
T519,2,3,1
T520,1,10,1
T521,4,14,1
T522,2,1,3
T523,1,14,4
T524,2,14,5
T525,2,20,5
T526,3,15,2
T527,4,5,5
T528,3,20,1
T529,3,16,1
T530,2,12,4
T531,2,18,3
T532,2,19,2
T533,1,16,1
T534,1,4,2
T535,2,15,4
T536,4,15,4
T537,1,9,5
T538,3,11,2
T539,1,11,2
T540,1,14,4
T541,3,14,2
T542,3,9,5
T543,2,1,4
T544,4,9,5
T545,3,11,5
T546,3,8,5
T547,4,6,2
T548,1,12,4
T549,1,2,4
T550,4,7,2
T551,4,5,1
T552,1,5,2
T553,1,14,1
T554,4,1,3
T555,4,1,4
T556,1,6,5
T557,4,14,2
T558,2,8,1
T559,3,18,1
T560,3,12,2
T561,4,18,1
T562,2,15,4
T563,3,13,5
T564,2,16,4
T565,1,8,5
T566,3,2,1
T567,2,20,5
T568,1,16,2
T569,4,14,1
T570,1,11,4
T571,2,12,4
T572,3,14,1
T573,3,5,3
T574,2,12,3
T575,3,11,3
T576,1,8,1
T577,4,18,1
T578,2,20,4
T579,3,5,5
T580,4,16,5
T581,3,16,2
T582,3,18,3
T583,1,10,3
T584,4,6,2
T585,2,16,4
T586,1,13,5
T587,4,20,1
T588,3,5,2
T589,2,2,1
T590,4,15,5
T591,3,5,5
T592,3,1,2
T593,2,19,1
T594,4,13,1
T595,3,12,4
T596,1,10,3
T597,3,16,4
T598,2,1,1
T599,3,18,5
T600,3,19,5
T601,3,8,1
T602,3,18,2
T603,3,1,5
T604,3,1,2
T605,4,6,4
T606,1,20,5
T607,3,6,2
T608,1,15,1
T609,4,10,5
T610,1,11,5
T611,2,1,4
T612,1,7,5
T613,2,14,3
T614,1,11,4
T615,3,14,1
T616,4,5,1
T617,2,9,2
T618,4,17,1
T619,4,14,1
T620,3,12,4
T621,2,10,3
T622,4,19,5
T623,4,7,4
T624,2,10,2
T625,3,2,2
T626,4,7,4
T627,3,9,5
T628,1,11,3
T629,1,1,4
T630,3,18,5
T631,1,2,2
T632,1,11,5
T633,3,10,2
T634,4,2,4
T635,4,18,2
T636,4,19,5
T637,4,7,2
T638,1,8,2
T639,2,19,5
T640,3,4,2
T641,2,4,1
T642,2,13,5
T643,1,4,3
T644,2,17,5
T645,2,5,5
T646,3,11,4
T647,1,7,4
T648,2,8,4
T649,2,5,1
T650,3,9,4
T651,2,18,1
T652,4,17,2
T653,3,18,2
T654,1,1,5
T655,2,2,4
T656,1,19,1
T657,2,8,5
T658,3,14,5
T659,4,17,2
T660,2,17,4
T661,2,16,5
T662,4,19,4
T663,4,19,3
T664,3,5,5
T665,4,4,2
T666,1,2,5
T667,3,7,5
T668,2,13,5
T669,1,16,1
T670,3,16,5
T671,3,12,3
T672,4,12,5
T673,2,2,5
T674,1,4,4
T675,2,7,4
T676,1,15,4
T677,4,2,4
T678,4,11,5
T679,1,12,4
T680,3,11,2
T681,1,16,2
T682,2,18,3
T683,1,8,1
T684,3,1,2
T685,4,20,3
T686,2,20,1
T687,4,3,4
T688,2,12,1
T689,4,3,5
T690,1,11,1
T691,3,7,2
T692,2,20,3
T693,1,9,5
T694,2,1,4
T695,3,6,5
T696,2,14,3
T697,1,9,1
T698,1,7,5
T699,3,11,2
T700,2,17,2
T701,4,5,4
T702,4,12,5
T703,2,7,3
T704,1,12,5
T705,1,1,3
T706,1,5,1
T707,3,16,2
T708,4,7,1
T709,1,6,3
T710,4,8,4
T711,1,11,4
T712,2,5,3
T713,2,2,5
T714,2,10,5
T715,3,8,1
T716,3,5,1
T717,3,3,4
T718,2,19,2
T719,2,20,4
T720,3,13,2
T721,3,20,2
T722,3,16,5
T723,3,2,3
T724,4,9,4
T725,3,20,1
T726,4,1,3
T727,3,10,5
T728,1,11,4
T729,3,7,2
T730,4,1,4
T731,4,15,5
T732,4,6,3
T733,4,5,4
T734,4,13,4
T735,1,11,2
T736,2,20,5
T737,4,4,2
T738,2,2,5
T739,2,6,5
T740,2,15,3
T741,3,13,4
T742,3,10,5
T743,1,15,3
T744,3,8,4
T745,4,16,5
T746,3,16,2
T747,4,9,4
T748,2,9,4
T749,1,1,4
T750,1,19,5
T751,3,9,4
T752,3,17,1
T753,1,17,2
T754,3,1,4
T755,1,7,5
T756,4,7,1
T757,1,15,3
T758,3,8,3
T759,2,1,4
T760,3,13,3
T761,2,14,2
T762,4,17,1
T763,4,14,5
T764,1,2,3
T765,2,1,5
T766,3,7,5
T767,2,2,4
T768,4,1,5
T769,3,4,3
T770,3,17,4
T771,1,8,1
T772,1,18,2
T773,2,11,3
T774,3,19,3
T775,3,1,3
T776,1,12,2
T777,3,12,5
T778,3,13,2
T779,1,18,3
T780,3,11,3
T781,4,7,5
T782,3,11,2
T783,1,6,2
T784,1,19,3
T785,1,20,3
T786,1,5,1
T787,3,1,3
T788,3,2,2
T789,4,14,3
T790,1,7,4
T791,4,16,1
T792,3,10,1
T793,2,7,3
T794,1,13,3
T795,3,9,4
T796,1,10,5
T797,3,17,4
T798,3,14,2
T799,2,3,4
T800,4,13,2
T801,1,1,1
T802,4,11,2
T803,4,15,1
T804,4,1,3
T805,1,2,1
T806,2,14,1
T807,2,5,5
T808,1,3,3
T809,4,2,4
T810,2,10,1
T811,4,6,1
T812,1,8,1
T813,4,15,5
T814,4,20,5
T815,2,4,5
T816,3,10,1
T817,3,18,1
T818,2,1,1
T819,4,10,1
T820,2,5,2
T821,2,7,3
T822,1,3,2
T823,1,16,2
T824,1,19,1
T825,1,14,3
T826,1,8,3
T827,1,20,3
T828,3,9,2
T829,1,6,5
T830,4,20,4
T831,1,7,1
T832,2,6,2
T833,1,9,3
T834,2,14,5
T835,3,16,4
T836,3,11,1
T837,1,8,5
T838,2,6,4
T839,3,5,3
T840,1,13,5
T841,2,4,5
T842,3,11,4
T843,1,19,5
T844,3,14,1
T845,1,18,2
T846,1,6,2
T847,1,13,2
T848,2,1,5
T849,2,13,4
T850,2,11,1
T851,2,12,4
T852,1,7,3
T853,4,12,3
T854,2,11,5
T855,3,5,4
T856,3,12,2
T857,3,9,2
T858,4,13,4
T859,1,15,3
T860,3,1,3
T861,3,6,2
T862,1,3,3
T863,3,8,3
T864,1,11,2
T865,1,8,5
T866,4,19,3
T867,1,4,1
T868,3,18,2
T869,3,14,4
T870,3,18,5
T871,2,4,5
T872,2,5,1
T873,3,13,1
T874,4,11,3
T875,3,1,2
T876,3,5,2
T877,3,10,4
T878,4,6,3
T879,3,3,4
T880,2,20,3
T881,2,18,1
T882,1,1,1
T883,3,12,5
T884,3,17,3
T885,3,12,2
T886,1,15,5
T887,4,20,4
T888,2,16,2
T889,3,20,1
T890,2,14,5
T891,1,10,1
T892,4,1,2
T893,4,14,5
T894,3,16,5
T895,4,8,1
T896,4,6,3
T897,3,14,3
T898,2,10,3
T899,4,10,5
T900,2,5,2
T901,4,18,2
T902,1,12,3
T903,2,15,1
T904,1,7,3
T905,1,4,4
T906,2,19,5
T907,1,7,5
T908,3,12,4
T909,1,4,3
T910,1,20,5
T911,1,9,2
T912,3,3,3
T913,3,6,4
T914,3,7,4
T915,2,16,4
T916,4,14,3
T917,2,19,3
T918,1,8,3
T919,1,13,4
T920,3,14,1
T921,1,6,2
T922,3,19,4
T923,2,5,1
T924,3,5,3
T925,3,2,1
T926,3,2,2
T927,1,1,4
T928,1,12,1
T929,4,6,2
T930,1,3,4
T931,3,6,1
T932,2,17,4
T933,1,2,4
T934,2,8,4
T935,1,8,4
T936,3,1,3
T937,2,15,5
T938,4,18,4
T939,1,17,2
T940,1,10,2
T941,4,7,3
T942,4,18,3
T943,2,8,1
T944,1,5,5
T945,3,6,3
T946,2,20,2
T947,3,8,3
T948,1,17,4
T949,1,3,5
T950,1,10,1
T951,3,11,5
T952,2,17,3
T953,2,19,2
T954,2,20,2
T955,2,12,4
T956,1,14,2
T957,1,14,4
T958,4,4,1
T959,2,4,4
T960,3,13,5
T961,1,20,3
T962,4,11,4
T963,1,15,1
T964,2,1,2
T965,3,16,3
T966,4,14,1
T967,2,1,5
T968,3,20,4
T969,3,8,5
T970,4,16,4
T971,2,18,1
T972,3,8,2
T973,3,8,3
T974,2,16,3
T975,3,6,2
T976,1,2,5
T977,1,1,2
T978,3,7,3
T979,4,9,5
T980,4,12,2
T981,4,11,5
T982,1,18,5
T983,2,5,4
T984,3,7,4
T985,4,12,1
T986,2,4,5
T987,3,10,5
T988,3,16,1
T989,3,19,5
T990,4,19,1
T991,2,10,3
T992,2,3,2
T993,4,20,2
T994,4,20,1
T995,4,1,3
T996,2,8,2
T997,4,1,4
T998,4,11,2
T999,4,10,1
T1000,4,1,5
T1001,1,14,1
T1002,1,17,5
T1003,3,16,5
T1004,2,14,2
T1005,4,4,1
T1006,3,1,5
T1007,3,20,1
T1008,3,11,3
T1009,1,13,4
T1010,3,17,4
T1011,1,10,2
T1012,3,2,4
T1013,4,20,5
T1014,4,16,4
T1015,4,13,3
T1016,4,6,5
T1017,1,17,5
T1018,1,1,2
T1019,4,7,4
T1020,2,19,3
T1021,1,5,1
T1022,4,14,4
T1023,2,13,4
T1024,1,15,1
T1025,1,20,1
T1026,2,13,2
T1027,1,17,4
T1028,3,8,1
T1029,3,17,5
T1030,1,15,3
T1031,1,19,3
T1032,2,16,4
T1033,1,18,2
T1034,1,18,1
T1035,2,15,1
T1036,3,1,3
T1037,1,3,4
T1038,3,12,1
T1039,4,10,5
T1040,1,20,4
T1041,1,4,3
T1042,4,5,5
T1043,3,2,2
T1044,2,11,2
T1045,4,14,3
T1046,1,14,4
T1047,4,12,3
T1048,4,12,3
T1049,1,19,2
T1050,1,2,2
T1051,2,16,1
T1052,4,4,5
T1053,2,9,3
T1054,4,12,2
T1055,3,18,2
T1056,4,5,5
T1057,3,13,5
T1058,1,2,1
T1059,3,9,4
T1060,4,9,1
T1061,1,14,2
T1062,2,6,1
T1063,3,1,3
T1064,3,9,5
T1065,1,7,3
T1066,2,11,2
T1067,4,5,2
T1068,2,2,2
T1069,2,13,4
T1070,1,18,3
T1071,3,18,3
T1072,2,3,4
T1073,3,1,1
T1074,2,5,1
T1075,3,18,4
T1076,3,18,1
T1077,1,5,5
T1078,1,13,1
T1079,2,18,1
T1080,4,19,3
T1081,2,7,4
T1082,4,15,4
T1083,4,3,5
T1084,4,18,4
T1085,1,14,3
T1086,1,2,5
T1087,3,15,5
T1088,1,2,4
T1089,3,4,3
T1090,4,20,1
T1091,4,4,3
T1092,2,2,2
T1093,2,8,3
T1094,2,2,5
T1095,2,13,2
T1096,3,11,5
T1097,3,7,5
T1098,2,5,2
T1099,1,4,5
T1100,1,10,5
T1101,4,1,5
T1102,2,5,5
T1103,4,17,3
T1104,2,14,3
T1105,1,7,1
T1106,4,16,4
T1107,4,19,4
T1108,3,4,1
T1109,4,20,3
T1110,2,18,4
T1111,1,12,5
T1112,1,6,3
T1113,4,16,3
T1114,2,2,2
T1115,2,6,1
T1116,2,19,3
T1117,1,8,2
T1118,2,7,5
T1119,4,18,5
T1120,3,13,1
T1121,1,13,2
T1122,2,1,3
T1123,2,17,5
T1124,4,8,3
T1125,2,19,3
T1126,2,11,5
T1127,1,11,4
T1128,1,9,1
T1129,4,9,5
T1130,1,10,5
T1131,3,1,5
T1132,2,5,1
T1133,3,4,5
T1134,1,4,2
T1135,1,13,3
T1136,3,19,3
T1137,4,4,3
T1138,1,15,4
T1139,2,15,3
T1140,4,7,5
T1141,1,9,5
T1142,1,20,5
T1143,4,5,2
T1144,1,13,4
T1145,4,1,4
T1146,1,11,4
T1147,2,9,5
T1148,3,10,4
T1149,1,17,2
T1150,2,1,5
T1151,3,15,1
T1152,2,9,5
T1153,2,13,1
T1154,4,16,2
T1155,3,16,5
T1156,2,10,3
T1157,3,8,4
T1158,1,11,3
T1159,4,19,2
T1160,1,20,1
T1161,2,5,4
T1162,2,6,5
T1163,1,5,2
T1164,4,14,2
T1165,3,9,4
T1166,2,8,3
T1167,2,19,3
T1168,3,2,2
T1169,2,10,5
T1170,2,9,3
T1171,2,1,4
T1172,1,16,3
T1173,4,4,2
T1174,4,7,3
T1175,2,13,2
T1176,1,20,1
T1177,1,16,4
T1178,1,7,2
T1179,1,3,3
T1180,2,11,1
T1181,4,17,3
T1182,2,1,2
T1183,2,16,3
T1184,3,9,3
T1185,3,16,2
T1186,2,14,1
T1187,3,20,3
T1188,3,11,4
T1189,3,6,2
T1190,2,7,5
T1191,3,14,3
T1192,4,3,4
T1193,3,6,4
T1194,2,17,1
T1195,4,4,1
T1196,3,11,4
T1197,4,18,1
T1198,3,9,3
T1199,2,7,5
T1200,4,9,4
T1201,4,5,3
T1202,1,17,3
T1203,2,15,1
T1204,4,13,3
T1205,2,11,4
T1206,2,19,2
T1207,3,3,4
T1208,1,3,1
T1209,1,20,5
T1210,4,6,5
T1211,1,11,3
T1212,3,6,2
T1213,1,9,3
T1214,2,9,4
T1215,2,15,2
T1216,4,9,5
T1217,1,1,4
T1218,1,13,4
T1219,3,13,5
T1220,2,13,2
T1221,2,10,3
T1222,4,16,3
T1223,1,3,1
T1224,3,18,5
T1225,2,3,5
T1226,1,11,2
T1227,1,13,4
T1228,3,10,2
T1229,4,19,2
T1230,3,19,5
T1231,2,15,2
T1232,3,1,2
T1233,4,10,5
T1234,1,1,2
T1235,3,8,3
T1236,4,15,4
T1237,4,16,4
T1238,3,13,1
T1239,2,12,4
T1240,3,14,1
T1241,3,19,1
T1242,3,4,4
T1243,4,20,2
T1244,2,8,3
T1245,1,3,5
T1246,1,6,5
T1247,3,13,5
T1248,4,13,4
T1249,3,13,4
T1250,2,19,5
T1251,4,3,5
T1252,2,3,4
T1253,3,2,2
T1254,4,20,1
T1255,4,16,5
T1256,4,5,2
T1257,4,20,3
T1258,3,16,2
T1259,2,20,1
T1260,2,18,4
T1261,4,1,4
T1262,4,10,2
T1263,1,13,4
T1264,1,18,5
T1265,3,19,2
T1266,3,4,3
T1267,3,12,3
T1268,1,17,1
T1269,4,11,2
T1270,2,1,3
T1271,1,15,1
T1272,2,18,1
T1273,1,18,3
T1274,1,9,5
T1275,1,15,3
T1276,1,9,3
T1277,3,8,3
T1278,3,10,2
T1279,3,10,4
T1280,1,13,5
T1281,1,2,2
T1282,3,9,3
T1283,3,15,2
T1284,1,15,3
T1285,4,13,5
T1286,2,7,2
T1287,2,17,4
T1288,4,11,4
T1289,2,1,1
T1290,4,8,4
T1291,1,11,2
T1292,3,8,4
T1293,1,12,1
T1294,1,7,5
T1295,3,14,1
T1296,2,5,1
T1297,4,8,3
T1298,2,20,4
T1299,4,1,2
T1300,2,9,2
T1301,4,8,1
T1302,4,14,3
T1303,3,13,2
T1304,3,1,5
T1305,3,4,5
T1306,4,7,4
T1307,3,16,3
T1308,3,20,5
T1309,2,2,5
T1310,3,8,5
T1311,4,17,3
T1312,4,10,1
T1313,3,7,3
T1314,4,15,5
T1315,3,3,3
T1316,2,5,4
T1317,4,6,5
T1318,1,4,5
T1319,2,8,5
T1320,1,19,1
T1321,3,2,1
T1322,4,6,4
T1323,1,17,5
T1324,3,3,3
T1325,3,1,2
T1326,4,2,4
T1327,4,19,4
T1328,3,5,4
T1329,1,3,4
T1330,2,14,1
T1331,1,20,3
T1332,3,15,2
T1333,4,4,4
T1334,1,5,4
T1335,2,8,4
T1336,2,19,1
T1337,1,18,1
T1338,1,17,5
T1339,1,14,3
T1340,1,13,1
T1341,4,20,4
T1342,2,2,4
T1343,3,1,5
T1344,2,6,2
T1345,4,2,3
T1346,4,14,4
T1347,1,17,1
T1348,2,11,2
T1349,2,2,4
T1350,3,11,2
T1351,4,1,5
T1352,2,10,5
T1353,1,4,2
T1354,1,17,4
T1355,4,3,4
T1356,1,9,1
T1357,2,1,1
T1358,1,19,2
T1359,3,12,1
T1360,3,12,2
T1361,2,6,1
T1362,2,10,2
T1363,1,10,1
T1364,1,20,3
T1365,3,16,1
T1366,2,17,4
T1367,2,20,3
T1368,4,13,2
T1369,4,15,5
T1370,2,2,2
T1371,4,5,2
T1372,4,14,4
T1373,3,4,4
T1374,1,16,2
T1375,3,3,4
T1376,1,17,4
T1377,4,14,4
T1378,3,20,2
T1379,2,13,4
T1380,4,18,2
T1381,2,3,4
T1382,4,14,5
T1383,1,1,1
T1384,4,2,2
T1385,3,9,3
T1386,1,17,4
T1387,2,16,2
T1388,3,19,4
T1389,2,1,3
T1390,4,13,2
T1391,1,15,2
T1392,1,15,3
T1393,3,8,2
T1394,2,1,3
T1395,3,11,5
T1396,2,8,2
T1397,4,12,5
T1398,1,5,4
T1399,3,6,5
T1400,3,7,2
T1401,3,18,4
T1402,4,18,5
T1403,4,13,3
T1404,4,1,5
T1405,4,9,2
T1406,3,10,2
T1407,1,17,1
T1408,4,7,3
T1409,2,18,3
T1410,2,9,2
T1411,4,20,1
T1412,1,17,4
T1413,1,12,1
T1414,2,19,5
T1415,1,17,4
T1416,1,4,1
T1417,1,5,4
T1418,2,12,1
T1419,4,13,2
T1420,4,2,4
T1421,1,18,5
T1422,1,14,3
T1423,3,12,3
T1424,2,5,5
T1425,3,18,5
T1426,1,13,4
T1427,4,17,5
T1428,2,4,5
T1429,3,8,4
T1430,3,3,2
T1431,1,17,2
T1432,3,7,4
T1433,3,4,3
T1434,1,12,5
T1435,2,9,1
T1436,3,14,1
T1437,4,13,5
T1438,3,8,4
T1439,1,10,4
T1440,4,3,1
T1441,1,10,3
T1442,4,14,1
T1443,4,13,4
T1444,4,10,5
T1445,3,1,3
T1446,3,2,5
T1447,4,9,3
T1448,1,6,5
T1449,2,8,5
T1450,1,14,1
T1451,3,14,5
T1452,2,12,1
T1453,1,10,4
T1454,3,19,2
T1455,3,2,2
T1456,4,12,5
T1457,4,7,3
T1458,4,19,4
T1459,2,20,2
T1460,1,12,4
T1461,2,13,2
T1462,2,18,5
T1463,4,10,1
T1464,3,10,3
T1465,2,16,3
T1466,2,4,1
T1467,1,5,1
T1468,4,10,2
T1469,4,17,5
T1470,1,20,5
T1471,4,7,5
T1472,3,17,4
T1473,1,2,5
T1474,1,11,2
T1475,3,4,5
T1476,4,5,5
T1477,3,4,3
T1478,4,2,4
T1479,2,13,1
T1480,2,11,3
T1481,4,18,2
T1482,1,20,3
T1483,2,16,3
T1484,4,10,3
T1485,3,8,5
T1486,2,14,5
T1487,2,20,5
T1488,3,11,1
T1489,4,11,2
T1490,1,15,5
T1491,1,16,1
T1492,3,7,4
T1493,2,1,1
T1494,3,9,5
T1495,4,10,5
T1496,1,14,4
T1497,1,10,5
T1498,2,16,2
T1499,1,1,5
T1500,2,5,5
T1501,1,4,1
T1502,4,18,2
T1503,3,15,1
T1504,2,16,3
T1505,2,9,3
T1506,3,10,5
T1507,1,10,3
T1508,2,11,3
T1509,2,15,2
T1510,2,1,5
T1511,3,19,5
T1512,1,3,3
T1513,3,16,1
T1514,3,9,5
T1515,3,15,2
T1516,1,4,1
T1517,2,6,3
T1518,3,19,2
T1519,4,9,1
T1520,4,7,2
T1521,2,4,4
T1522,4,18,5
T1523,3,18,3
T1524,2,18,4
T1525,1,16,2
T1526,2,1,2
T1527,4,2,5
T1528,4,12,1
T1529,1,1,1
T1530,4,1,4
T1531,4,4,1
T1532,1,18,1
T1533,2,16,3
T1534,2,14,5
T1535,4,20,5
T1536,3,6,2
T1537,3,4,2
T1538,1,12,2
T1539,2,18,5
T1540,1,14,3
T1541,4,4,2
T1542,4,4,5
T1543,2,18,4
T1544,1,9,1
T1545,3,17,5
T1546,1,17,2
T1547,1,10,4
T1548,3,7,3
T1549,2,14,4
T1550,3,9,2
T1551,3,20,2
T1552,3,15,5
T1553,4,4,4
T1554,3,3,3
T1555,1,4,4
T1556,1,12,5
T1557,4,20,4
T1558,2,12,3
T1559,3,15,5
T1560,4,7,5
T1561,1,15,1
T1562,4,18,1
T1563,4,17,5
T1564,3,11,5
T1565,3,16,4
T1566,2,18,4
T1567,4,19,3
T1568,3,12,4
T1569,4,6,3
T1570,2,16,1
T1571,1,13,3
T1572,4,4,4
T1573,2,2,4
T1574,1,4,2
T1575,2,20,4
T1576,1,12,3
T1577,2,4,4
T1578,1,16,5
T1579,4,19,1
T1580,1,9,3
T1581,1,13,2
T1582,3,7,1
T1583,3,9,1
T1584,4,20,2
T1585,2,8,5
T1586,1,9,1
T1587,2,1,5
T1588,3,18,2
T1589,4,16,2
T1590,1,14,3
T1591,3,20,4
T1592,3,4,4
T1593,2,3,5
T1594,4,14,1
T1595,3,15,5
T1596,2,11,2
T1597,4,16,5
T1598,1,13,4
T1599,4,12,4
T1600,4,5,4
T1601,4,5,4
T1602,3,18,1
T1603,1,5,1
T1604,1,14,5
T1605,3,19,5
T1606,4,20,2
T1607,3,8,5
T1608,3,9,2
T1609,1,20,5
T1610,3,12,1
T1611,4,7,4
T1612,1,10,3
T1613,2,19,2
T1614,3,7,4
T1615,1,3,3
T1616,2,11,3
T1617,3,12,4
T1618,4,6,5
T1619,3,1,4
T1620,3,12,1
T1621,1,1,3
T1622,3,3,2
T1623,3,12,1
T1624,1,13,1
T1625,3,16,2
T1626,2,4,5
T1627,3,7,4
T1628,4,16,3
T1629,2,1,3
T1630,3,7,4
T1631,4,16,2
T1632,1,20,3
T1633,4,15,4
T1634,3,9,5
T1635,4,7,3
T1636,4,18,5
T1637,4,1,2
T1638,2,19,3
T1639,2,19,4
T1640,2,3,2
T1641,3,19,4
T1642,3,3,3
T1643,3,16,4
T1644,1,4,1
T1645,3,8,4
T1646,2,20,4
T1647,3,6,4
T1648,1,10,4
T1649,2,11,5
T1650,2,10,4
T1651,1,16,5
T1652,3,16,1
T1653,4,11,5
T1654,3,4,3
T1655,2,8,3
T1656,3,14,4
T1657,4,5,1
T1658,2,14,5
T1659,3,2,4
T1660,3,20,4
T1661,1,15,4
T1662,3,3,2
T1663,3,4,2
T1664,2,19,4
T1665,3,11,4
T1666,4,17,2
T1667,2,10,4
T1668,3,2,2
T1669,2,5,1
T1670,4,10,1
T1671,4,11,5
T1672,1,19,5
T1673,4,4,3
T1674,1,13,2
T1675,3,18,1
T1676,3,19,1
T1677,1,12,3
T1678,1,17,4
T1679,1,14,2
T1680,1,1,2
T1681,4,7,5
T1682,2,8,5
T1683,3,9,4
T1684,4,14,2
T1685,2,6,1
T1686,3,4,5
T1687,2,6,2
T1688,1,3,5
T1689,3,16,4
T1690,2,5,3
T1691,1,7,5
T1692,1,18,3
T1693,4,12,3
T1694,2,13,4
T1695,2,14,4
T1696,3,6,1
T1697,1,6,5
T1698,3,12,1
T1699,3,5,5
T1700,2,3,1
T1701,3,11,3
T1702,4,18,3
T1703,1,7,1
T1704,3,15,1
T1705,1,15,1
T1706,3,10,4
T1707,1,20,3
T1708,3,12,3
T1709,2,1,2
T1710,1,3,5
T1711,2,18,2
T1712,2,2,5
T1713,4,13,5
T1714,4,1,2
T1715,4,13,2
T1716,2,1,5
T1717,1,15,4
T1718,4,9,2
T1719,1,6,4
T1720,3,16,5
T1721,1,4,5
T1722,3,14,3
T1723,1,17,3
T1724,1,6,3
T1725,4,7,4
T1726,3,18,5
T1727,4,12,4
T1728,4,3,3
T1729,1,13,2
T1730,3,8,4
T1731,2,19,4
T1732,4,8,4
T1733,2,3,4
T1734,3,13,3
T1735,4,9,5
T1736,3,19,1
T1737,3,18,5
T1738,3,6,3
T1739,1,7,2
T1740,1,2,2
T1741,4,16,5
T1742,4,8,2
T1743,2,4,5
T1744,4,5,4
T1745,1,14,4
T1746,1,15,4
T1747,1,7,2
T1748,1,17,1
T1749,1,7,1
T1750,3,17,1
T1751,3,20,3
T1752,4,13,3
T1753,4,15,1
T1754,3,10,4
T1755,2,20,5
T1756,3,15,2
T1757,1,1,1
T1758,3,1,4
T1759,2,3,3
T1760,4,15,4
T1761,4,9,3
T1762,2,18,2
T1763,2,11,2
T1764,3,16,3
T1765,3,14,4
T1766,3,11,1
T1767,4,20,4
T1768,1,5,4
T1769,2,2,5
T1770,1,20,2
T1771,4,1,4
T1772,1,10,5
T1773,3,12,5
T1774,1,9,1
T1775,3,10,3
T1776,1,15,2
T1777,1,12,1
T1778,4,12,5
T1779,4,11,5
T1780,2,10,4
T1781,4,14,3
T1782,2,13,3
T1783,1,11,3
T1784,1,19,2
T1785,2,17,2
T1786,4,17,2
T1787,2,11,4
T1788,3,6,2
T1789,2,18,1
T1790,3,19,5
T1791,3,10,5
T1792,3,5,2
T1793,1,14,2
T1794,2,18,1
T1795,1,10,5
T1796,3,13,1
T1797,2,3,1
T1798,1,19,5
T1799,3,12,1
T1800,1,6,2
T1801,4,6,1
T1802,3,18,3
T1803,3,1,4
T1804,3,11,3
T1805,2,3,5
T1806,4,9,2
T1807,2,18,2
T1808,1,17,4
T1809,4,20,2
T1810,1,10,5
T1811,2,4,3
T1812,2,14,1
T1813,4,17,4
T1814,1,1,3
T1815,3,2,2
T1816,3,6,3
T1817,2,13,2
T1818,1,14,1
T1819,1,19,2
T1820,2,2,2
T1821,2,20,4
T1822,1,4,1
T1823,4,17,2
T1824,2,1,5
T1825,2,14,5
T1826,1,1,3
T1827,3,9,3
T1828,1,11,5
T1829,4,15,5
T1830,2,19,2
T1831,1,5,2
T1832,1,4,5
T1833,2,4,5
T1834,3,5,1
T1835,3,18,2
T1836,3,11,2
T1837,3,5,1
T1838,1,20,5
T1839,3,9,1
T1840,1,4,5
T1841,3,4,5
T1842,3,5,1
T1843,4,7,3
T1844,4,11,4
T1845,3,4,4
T1846,2,16,4
T1847,2,14,5
T1848,2,10,3
T1849,3,13,5
T1850,1,6,3
T1851,1,16,2
T1852,4,1,4
T1853,2,12,4
T1854,2,2,4
T1855,1,18,5
T1856,1,3,1
T1857,2,7,3
T1858,1,9,4
T1859,3,19,2
T1860,1,20,1
T1861,3,15,4
T1862,2,1,4
T1863,4,20,5
T1864,1,18,2
T1865,3,5,4
T1866,4,14,3
T1867,1,16,1
T1868,1,19,5
T1869,4,4,1
T1870,3,18,4
T1871,3,12,2
T1872,4,15,4
T1873,2,15,1
T1874,1,19,5
T1875,3,9,3
T1876,4,10,2
T1877,1,3,1
T1878,3,20,1
T1879,2,3,2
T1880,3,7,5
T1881,4,9,1
T1882,2,17,1
T1883,2,4,4
T1884,1,20,4
T1885,3,2,4
T1886,1,3,4
T1887,4,16,4
T1888,3,19,3
T1889,1,18,3
T1890,1,5,1
T1891,3,4,4
T1892,1,15,3
T1893,3,16,2
T1894,1,16,1
T1895,3,3,2
T1896,3,3,1
T1897,3,1,5
T1898,4,6,2
T1899,2,15,2
T1900,1,2,4
T1901,3,12,3
T1902,3,11,4
T1903,4,6,1
T1904,4,11,3
T1905,1,14,1
T1906,2,10,4
T1907,3,4,1
T1908,2,1,1
T1909,2,2,5
T1910,4,14,3
T1911,3,19,5
T1912,4,14,2
T1913,1,18,4
T1914,3,6,1
T1915,3,13,2
T1916,3,9,1
T1917,4,11,2
T1918,1,14,1
T1919,3,5,5
T1920,2,19,4
T1921,2,5,5
T1922,1,4,4
T1923,1,13,3
T1924,3,12,4
T1925,2,11,5
T1926,3,1,4
T1927,4,7,1
T1928,1,14,5
T1929,4,13,5
T1930,1,18,3
T1931,1,17,3
T1932,2,14,2
T1933,4,8,2
T1934,3,17,4
T1935,3,15,4
T1936,4,16,3
T1937,2,13,3
T1938,2,4,2
T1939,3,7,3
T1940,4,9,4
T1941,4,2,2
T1942,4,10,3
T1943,4,18,5
T1944,3,12,2
T1945,4,9,1
T1946,4,11,4
T1947,3,17,5
T1948,1,18,2
T1949,3,10,2
T1950,3,6,4
T1951,4,15,5
T1952,3,6,1
T1953,3,6,3
T1954,1,6,3
T1955,4,3,5
T1956,3,4,5
T1957,2,6,2
T1958,2,13,5
T1959,2,20,2
T1960,4,20,5
T1961,3,13,5
T1962,4,7,3
T1963,2,14,1
T1964,1,1,1
T1965,4,2,2
T1966,4,14,4
T1967,2,16,3
T1968,1,10,1
T1969,3,17,4
T1970,1,19,1
T1971,1,18,5
T1972,4,15,1
T1973,2,4,2
T1974,4,17,2
T1975,1,1,3
T1976,1,6,2
T1977,2,10,2
T1978,1,2,4
T1979,1,3,3
T1980,1,20,1
T1981,3,2,4
T1982,2,17,2
T1983,4,8,2
T1984,1,6,1
T1985,2,11,4
T1986,3,15,3
T1987,1,8,1
T1988,4,20,4
T1989,3,10,5
T1990,2,6,5
T1991,3,15,1
T1992,4,19,4
T1993,3,1,5
T1994,3,13,5
T1995,2,14,4
T1996,2,5,3
T1997,1,10,1
T1998,1,10,5
T1999,2,13,2
T2000,1,11,5
T2001,1,5,4
T2002,4,15,5
T2003,1,6,3
T2004,1,12,5
T2005,2,10,2
T2006,2,3,5
T2007,1,19,2
T2008,3,16,1
T2009,2,20,1
T2010,3,5,2
T2011,2,2,1
T2012,2,9,5
T2013,1,8,4
T2014,3,7,5
T2015,4,12,2
T2016,1,19,1
T2017,1,6,3
T2018,2,11,3
T2019,3,20,1
T2020,2,14,4
T2021,4,2,1
T2022,3,19,1
T2023,4,11,2
T2024,3,1,3
T2025,4,19,3
T2026,2,5,2
T2027,1,10,2
T2028,3,14,1
T2029,1,5,4
T2030,3,1,3
T2031,3,4,1
T2032,3,5,1
T2033,2,11,3
T2034,1,7,2
T2035,2,5,5
T2036,1,7,1
T2037,1,20,4
T2038,1,19,5
T2039,3,9,5
T2040,4,6,3
T2041,1,17,5
T2042,3,8,3
T2043,1,3,5
T2044,3,1,5
T2045,1,10,4
T2046,4,15,4
T2047,3,10,2
T2048,4,15,4
T2049,2,6,2
T2050,1,18,2
T2051,1,19,1
T2052,3,13,3
T2053,1,13,1
T2054,2,16,3
T2055,2,14,1
T2056,2,17,2
T2057,4,8,4
T2058,3,9,2
T2059,2,10,3
T2060,2,5,5
T2061,3,14,3
T2062,4,2,4
T2063,2,3,1
T2064,3,9,4
T2065,4,2,1
T2066,4,7,4
T2067,3,20,5
T2068,3,15,1
T2069,3,11,3
T2070,3,1,3
T2071,1,7,4
T2072,4,1,5
T2073,2,15,3
T2074,2,9,3
T2075,1,2,4
T2076,3,20,4
T2077,1,16,5
T2078,2,16,5
T2079,1,19,5
T2080,1,2,2
T2081,4,14,5
T2082,1,17,5
T2083,1,6,4
T2084,1,3,4
T2085,4,16,4
T2086,4,12,3
T2087,2,7,1
T2088,1,17,3
T2089,2,9,3
T2090,3,20,3
T2091,1,8,4
T2092,4,19,5
T2093,4,6,3
T2094,1,5,5
T2095,1,4,5
T2096,2,9,1
T2097,2,13,4
T2098,1,11,3
T2099,2,11,5
T2100,4,13,4
T2101,3,1,4
T2102,2,3,2
T2103,2,2,5
T2104,4,4,1
T2105,4,8,5
T2106,4,12,2
T2107,3,9,5
T2108,1,10,4
T2109,1,1,2
T2110,1,16,4
T2111,1,6,2
T2112,1,6,4
T2113,4,9,4
T2114,4,4,2
T2115,1,19,4
T2116,3,17,4
T2117,3,19,4
T2118,3,2,1
T2119,1,6,4
T2120,2,10,3
T2121,2,10,5
T2122,1,13,1
T2123,3,1,3
T2124,2,9,3
T2125,4,17,4
T2126,1,3,1
T2127,4,17,3
T2128,1,11,1
T2129,4,13,1
T2130,4,2,4
T2131,1,3,2
T2132,1,1,4
T2133,2,2,4
T2134,2,6,4
T2135,2,18,4
T2136,4,7,1
T2137,4,9,1
T2138,4,6,2
T2139,2,6,3
T2140,4,8,3
T2141,1,5,1
T2142,4,7,3
T2143,4,1,5
T2144,1,5,3
T2145,4,17,4
T2146,1,6,5
T2147,3,4,3
T2148,4,3,5
T2149,4,11,3
T2150,2,12,5
T2151,3,15,5
T2152,2,19,4
T2153,2,1,1
T2154,1,4,4
T2155,3,1,2
T2156,2,19,4
T2157,3,16,1
T2158,4,5,1
T2159,2,18,4
T2160,2,15,1
T2161,1,4,3
T2162,2,18,4
T2163,2,1,5
T2164,3,9,3
T2165,1,10,3
T2166,4,13,5
T2167,2,10,1
T2168,2,9,3
T2169,1,12,1
T2170,2,4,3
T2171,2,14,5
T2172,2,8,2
T2173,3,11,3
T2174,1,11,1
T2175,1,4,4
T2176,3,12,5
T2177,4,8,1
T2178,3,12,2
T2179,1,4,2
T2180,4,9,2
T2181,1,3,3
T2182,3,10,3
T2183,3,20,4
T2184,3,19,2
T2185,3,15,4
T2186,1,18,4
T2187,4,14,1
T2188,2,1,4
T2189,3,17,3
T2190,3,6,3
T2191,2,14,4
T2192,4,6,5
T2193,3,9,4
T2194,3,3,2
T2195,1,13,5
T2196,2,15,1
T2197,3,3,5
T2198,4,17,2
T2199,1,6,2
T2200,3,7,3
T2201,2,12,5
T2202,3,3,2
T2203,2,18,2
T2204,1,7,3
T2205,4,6,1
T2206,3,19,5
T2207,2,4,1
T2208,3,16,4
T2209,3,5,2
T2210,2,12,4
T2211,3,17,2
T2212,4,17,1
T2213,1,17,5
T2214,2,11,3
T2215,2,4,5
T2216,4,3,4
T2217,1,10,2
T2218,3,19,1
T2219,3,17,1
T2220,2,13,1
T2221,3,14,1
T2222,1,9,2
T2223,1,3,5
T2224,1,6,3
T2225,3,20,2
T2226,4,8,2
T2227,1,12,3
T2228,2,10,5
T2229,4,16,5
T2230,3,18,2
T2231,3,20,4
T2232,4,10,3
T2233,1,3,3
T2234,3,18,5
T2235,2,12,3
T2236,2,2,3
T2237,4,15,3
T2238,2,18,4
T2239,2,19,2
T2240,4,4,2
T2241,4,9,2
T2242,1,10,3
T2243,1,8,1
T2244,2,14,5
T2245,1,13,4
T2246,3,12,2
T2247,3,11,4
T2248,3,6,2
T2249,2,19,5
T2250,1,9,2
T2251,3,19,2
T2252,1,17,5
T2253,2,14,4
T2254,4,2,1
T2255,1,16,1
T2256,1,16,3
T2257,2,17,1
T2258,4,1,3
T2259,4,18,5
T2260,4,20,4
T2261,4,15,1
T2262,3,1,3
T2263,4,12,1
T2264,3,15,3
T2265,4,10,2
T2266,4,19,1
T2267,1,17,3
T2268,1,8,1
T2269,1,10,4
T2270,1,14,5
T2271,3,3,3
T2272,3,4,2
T2273,4,1,4
T2274,1,8,2
T2275,1,10,2
T2276,3,15,2
T2277,1,16,5
T2278,3,6,4
T2279,1,10,3
T2280,1,12,2
T2281,2,2,3
T2282,2,5,4
T2283,2,6,4
T2284,1,20,4
T2285,2,4,4
T2286,3,19,3
T2287,2,13,3
T2288,4,15,4
T2289,1,13,1
T2290,2,9,4
T2291,4,19,3
T2292,4,17,1
T2293,2,7,3
T2294,4,14,2
T2295,2,15,4
T2296,2,12,4
T2297,3,15,1
T2298,3,9,3
T2299,3,1,3
T2300,4,18,5
T2301,3,13,2
T2302,2,9,1
T2303,1,3,4
T2304,4,18,3
T2305,4,16,2
T2306,2,11,3
T2307,4,13,4
T2308,3,9,5
T2309,1,10,3
T2310,1,17,1
T2311,4,9,3
T2312,2,15,3
T2313,2,19,1
T2314,4,2,3
T2315,3,17,5
T2316,3,11,5
T2317,3,14,3
T2318,1,8,5
T2319,3,9,1
T2320,4,3,5
T2321,2,15,4
T2322,3,14,3
T2323,2,20,4
T2324,4,16,1
T2325,4,12,5
T2326,3,13,2
T2327,2,13,3
T2328,4,9,4
T2329,1,17,1
T2330,4,11,1
T2331,1,16,1
T2332,4,4,4
T2333,2,12,1
T2334,2,18,3
T2335,3,13,3
T2336,2,17,3
T2337,3,15,2
T2338,4,11,5
T2339,1,6,4
T2340,4,1,1
T2341,3,19,1
T2342,4,13,1
T2343,3,18,4
T2344,3,5,5
T2345,3,13,1
T2346,2,11,5
T2347,3,19,5
T2348,3,17,1
T2349,1,6,5
T2350,1,13,5
T2351,4,8,3
T2352,3,2,4
T2353,1,10,4
T2354,4,10,3
T2355,4,5,1
T2356,1,12,2
T2357,1,7,4
T2358,1,12,1
T2359,4,3,4
T2360,4,5,2
T2361,4,18,1
T2362,2,18,2
T2363,1,10,4
T2364,3,13,5
T2365,3,11,3
T2366,3,2,5
T2367,1,1,1
T2368,4,13,5
T2369,2,15,2
T2370,1,7,2
T2371,2,10,2
T2372,4,11,2
T2373,4,13,2
T2374,1,8,4
T2375,3,17,3
T2376,2,10,4
T2377,2,12,5
T2378,4,16,4
T2379,1,5,4
T2380,1,19,2
T2381,3,2,4
T2382,3,15,4
T2383,1,3,2
T2384,3,7,1
T2385,2,14,2
T2386,4,5,2
T2387,3,9,3
T2388,3,13,5
T2389,1,14,4
T2390,3,4,5
T2391,4,19,2
T2392,3,13,5
T2393,3,1,3
T2394,3,20,2
T2395,1,15,5
T2396,3,5,2
T2397,4,5,5
T2398,1,5,1
T2399,3,13,5
T2400,1,17,5
T2401,3,4,2
T2402,4,14,2
T2403,3,9,1
T2404,2,20,3
T2405,3,8,4
T2406,1,18,4
T2407,1,1,5
T2408,4,16,3
T2409,1,14,4
T2410,1,6,5
T2411,1,20,1
T2412,2,6,4
T2413,3,1,5
T2414,3,8,2
T2415,3,10,1
T2416,1,5,5
T2417,3,8,2
T2418,3,5,2
T2419,3,9,3
T2420,3,5,5
T2421,3,6,4
T2422,2,2,1
T2423,1,10,1
T2424,1,5,1
T2425,1,3,3
T2426,2,5,3
T2427,3,16,5
T2428,3,8,5
T2429,2,6,2
T2430,4,19,2
T2431,2,3,5
T2432,4,1,2
T2433,4,12,1
T2434,2,13,3
T2435,1,10,3
T2436,3,7,2
T2437,1,14,3
T2438,3,8,4
T2439,1,18,1
T2440,2,11,3
T2441,4,7,5
T2442,1,14,2
T2443,1,18,3
T2444,3,3,5
T2445,2,8,1
T2446,2,12,5
T2447,2,4,3
T2448,2,5,3
T2449,1,6,2
T2450,2,4,4
T2451,1,1,1
T2452,1,16,1
T2453,2,3,4
T2454,1,17,2
T2455,1,2,5
T2456,3,8,1
T2457,1,4,4
T2458,1,17,2
T2459,4,6,3
T2460,4,11,3
T2461,2,13,5
T2462,4,19,4
T2463,1,2,1
T2464,3,17,1
T2465,1,14,1
T2466,2,13,4
T2467,2,16,1
T2468,1,14,5
T2469,3,18,4
T2470,1,7,2
T2471,1,16,3
T2472,4,1,3
T2473,4,13,5
T2474,3,1,1
T2475,3,4,5
T2476,1,3,3
T2477,1,5,1
T2478,3,14,4
T2479,1,2,4
T2480,3,1,1
T2481,4,17,5
T2482,1,9,4
T2483,1,12,2
T2484,4,19,4
T2485,3,7,1
T2486,2,6,4
T2487,1,14,4
T2488,3,20,1
T2489,2,15,2
T2490,2,3,1
T2491,4,3,3
T2492,4,5,3
T2493,1,3,4
T2494,3,11,1
T2495,3,6,3
T2496,3,15,5
T2497,1,19,1
T2498,1,13,1
T2499,2,18,1
T2500,3,20,2
T2501,1,2,5
T2502,3,10,4
T2503,4,19,2
T2504,3,19,4
T2505,4,12,1
T2506,2,20,5
T2507,1,9,1
T2508,1,16,5
T2509,2,8,4
T2510,3,7,2
T2511,2,19,5
T2512,4,10,4
T2513,3,8,3
T2514,2,16,3
T2515,2,2,4
T2516,1,10,2
T2517,1,2,4
T2518,3,10,4
T2519,4,17,3
T2520,2,12,2
T2521,2,19,4
T2522,1,3,1
T2523,2,10,2
T2524,1,20,4
T2525,4,20,2
T2526,3,15,4
T2527,4,8,2
T2528,2,1,3
T2529,1,1,3
T2530,4,6,1
T2531,4,17,3
T2532,1,14,2
T2533,4,7,1
T2534,4,2,1
T2535,4,15,4
T2536,2,17,1
T2537,2,14,2
T2538,2,15,2
T2539,1,3,3
T2540,1,10,1
T2541,1,1,1
T2542,2,17,5
T2543,2,2,1
T2544,1,19,2
T2545,3,11,3
T2546,1,10,5
T2547,2,11,3
T2548,4,2,4
T2549,1,17,2
T2550,4,8,3
T2551,3,18,5
T2552,2,5,3
T2553,1,15,2
T2554,1,3,4
T2555,3,9,4
T2556,4,4,4
T2557,4,12,4
T2558,4,14,5
T2559,1,16,1
T2560,4,10,3
T2561,1,2,3
T2562,1,10,3
T2563,1,19,4
T2564,3,9,3
T2565,2,16,3
T2566,1,4,5
T2567,4,10,5
T2568,4,17,1
T2569,1,5,1
T2570,4,2,2
T2571,1,12,5
T2572,1,9,4
T2573,2,14,5
T2574,3,20,2
T2575,3,3,5
T2576,3,9,4
T2577,2,13,5
T2578,3,7,5
T2579,1,5,1
T2580,4,18,3
T2581,1,18,3
T2582,2,19,4
T2583,4,10,2
T2584,4,8,4
T2585,1,1,1
T2586,1,16,4
T2587,1,15,2
T2588,4,2,3
T2589,2,3,3
T2590,2,16,2
T2591,3,1,5
T2592,4,2,2
T2593,3,19,2
T2594,3,7,1
T2595,4,12,5
T2596,3,12,3
T2597,2,20,5
T2598,3,8,1
T2599,4,17,5
T2600,4,12,4
T2601,4,19,5
T2602,3,17,5
T2603,4,6,2
T2604,1,5,2
T2605,1,2,2
T2606,2,14,2
T2607,3,9,4
T2608,2,14,2
T2609,2,8,5
T2610,1,6,1
T2611,4,16,5
T2612,3,3,2
T2613,3,17,3
T2614,4,1,5
T2615,4,12,2
T2616,2,4,1
T2617,2,3,3
T2618,2,13,4
T2619,1,18,3
T2620,1,8,5
T2621,4,13,2
T2622,1,9,2
T2623,2,4,3
T2624,4,13,3
T2625,4,19,5
T2626,2,6,5
T2627,1,10,4
T2628,4,14,3
T2629,2,5,4
T2630,3,13,5
T2631,3,8,4
T2632,2,20,1
T2633,3,3,2
T2634,4,16,1
T2635,3,3,1
T2636,3,16,2
T2637,1,7,5
T2638,2,17,2
T2639,2,1,5
T2640,4,7,3
T2641,1,17,4
T2642,1,8,5
T2643,3,2,4
T2644,3,4,4
T2645,4,10,5
T2646,4,14,1
T2647,2,9,4
T2648,2,10,5
T2649,2,12,4
T2650,2,7,2
T2651,3,1,4
T2652,2,5,4
T2653,3,19,2
T2654,4,2,4
T2655,1,3,4
T2656,3,15,5
T2657,3,5,2
T2658,1,15,5
T2659,1,19,4
T2660,1,19,3
T2661,3,18,1
T2662,2,1,5
T2663,2,1,4
T2664,2,14,5
T2665,1,10,2
T2666,3,5,2
T2667,4,16,4
T2668,4,2,3
T2669,3,8,4
T2670,1,6,2
T2671,2,5,1
T2672,1,1,4
T2673,4,6,4
T2674,3,4,2
T2675,3,8,4
T2676,2,11,4
T2677,4,20,2
T2678,1,4,3
T2679,4,16,1
T2680,2,5,5
T2681,3,17,1
T2682,1,6,4
T2683,3,20,2
T2684,1,17,5
T2685,3,19,4
T2686,4,19,3
T2687,2,1,5
T2688,4,13,5
T2689,2,12,4
T2690,3,8,2
T2691,1,2,5
T2692,1,1,3
T2693,3,7,3
T2694,4,20,5
T2695,4,17,3
T2696,3,6,1
T2697,3,1,4
T2698,3,3,2
T2699,2,18,1
T2700,2,2,1
T2701,3,11,4
T2702,1,15,3
T2703,3,9,5
T2704,4,9,5
T2705,1,16,2
T2706,2,2,2
T2707,1,9,3
T2708,4,6,2
T2709,3,4,3
T2710,3,11,2
T2711,4,3,4
T2712,3,4,3
T2713,2,2,2
T2714,2,7,2
T2715,3,9,3
T2716,3,14,2
T2717,2,1,3
T2718,2,2,5
T2719,3,12,1
T2720,3,3,4
T2721,1,18,3
T2722,2,9,4
T2723,1,3,5
T2724,4,6,2
T2725,3,20,4
T2726,4,8,2
T2727,4,1,3
T2728,3,15,4
T2729,2,1,5
T2730,4,1,4
T2731,2,3,2
T2732,2,16,3
T2733,2,20,1
T2734,3,19,3
T2735,3,11,4
T2736,3,19,5
T2737,1,7,1
T2738,1,7,2
T2739,3,20,1
T2740,4,4,2
T2741,2,1,5
T2742,1,13,2
T2743,4,7,5
T2744,3,15,2
T2745,2,2,1
T2746,1,17,2
T2747,1,10,3
T2748,1,14,1
T2749,2,20,4
T2750,4,12,1
T2751,1,2,5
T2752,4,17,5
T2753,1,11,1
T2754,1,1,5
T2755,2,8,3
T2756,2,13,2
T2757,1,2,2
T2758,4,11,4
T2759,4,7,3
T2760,1,8,3
T2761,4,1,1
T2762,3,12,2
T2763,1,20,2
T2764,1,13,4
T2765,2,18,3
T2766,3,16,1
T2767,1,7,1
T2768,1,3,4
T2769,1,18,2
T2770,3,5,2
T2771,3,12,3
T2772,2,8,5
T2773,2,7,5
T2774,1,15,5
T2775,2,10,5
T2776,1,17,1
T2777,2,2,5
T2778,1,15,1
T2779,4,12,5
T2780,1,8,5
T2781,1,16,1
T2782,2,16,5
T2783,4,16,5
T2784,1,20,5
T2785,4,4,3
T2786,2,17,2
T2787,4,5,5
T2788,4,5,1
T2789,1,17,3
T2790,1,14,2
T2791,3,16,1
T2792,2,2,2
T2793,2,12,5
T2794,3,13,2
T2795,3,14,4
T2796,3,1,3
T2797,1,19,4
T2798,4,6,2
T2799,2,15,1
T2800,4,15,5
T2801,4,8,1
T2802,3,4,5
T2803,3,2,5
T2804,3,13,5
T2805,2,4,5
T2806,4,18,4
T2807,2,7,5
T2808,3,12,4
T2809,4,9,2
T2810,3,12,3
T2811,3,10,4
T2812,2,7,5
T2813,2,7,4
T2814,2,18,1
T2815,2,20,1
T2816,2,11,5
T2817,3,20,1
T2818,1,10,4
T2819,2,16,1
T2820,3,5,5
T2821,1,2,5
T2822,2,20,1
T2823,3,20,5
T2824,4,6,4
T2825,4,11,3
T2826,4,9,3
T2827,1,2,1
T2828,4,6,2
T2829,1,8,5
T2830,3,4,2
T2831,3,2,3
T2832,2,17,4
T2833,4,17,2
T2834,1,8,1
T2835,2,11,4
T2836,4,9,5
T2837,2,15,5
T2838,1,12,2
T2839,1,1,1
T2840,4,20,3
T2841,3,9,3
T2842,1,1,3
T2843,2,1,5
T2844,4,9,5
T2845,3,14,5
T2846,3,14,3
T2847,2,11,4
T2848,3,8,5
T2849,2,6,2
T2850,4,13,1
T2851,3,20,3
T2852,3,2,1
T2853,3,6,4
T2854,4,15,4
T2855,4,6,4
T2856,4,14,2
T2857,1,8,3
T2858,2,20,1
T2859,2,6,5
T2860,3,6,2
T2861,3,8,5
T2862,3,19,1
T2863,3,3,4
T2864,1,5,2
T2865,4,14,2
T2866,4,10,5
T2867,4,2,5
T2868,4,14,4
T2869,3,5,3
T2870,3,13,3
T2871,4,18,2
T2872,4,5,3
T2873,3,18,4
T2874,4,19,1
T2875,3,4,1
T2876,3,20,4
T2877,2,9,3
T2878,2,14,2
T2879,3,18,1
T2880,1,20,5
T2881,1,15,2
T2882,4,10,2
T2883,3,18,2
T2884,2,4,4
T2885,3,13,1
T2886,1,20,2
T2887,1,16,1
T2888,1,1,1
T2889,2,16,3
T2890,3,10,3
T2891,3,10,1
T2892,2,10,2
T2893,1,2,1
T2894,4,1,1
T2895,2,1,1
T2896,2,13,4
T2897,1,3,1
T2898,2,18,5
T2899,1,14,3
T2900,2,12,2
T2901,2,10,2
T2902,2,19,5
T2903,2,11,5
T2904,3,8,1
T2905,2,14,5
T2906,4,6,5
T2907,1,9,3
T2908,3,3,5
T2909,1,9,5
T2910,3,11,5
T2911,4,14,3
T2912,3,15,4
T2913,3,8,1
T2914,4,10,1
T2915,3,15,3
T2916,2,13,3
T2917,1,9,1
T2918,4,18,1
T2919,1,5,4
T2920,3,2,3
T2921,4,6,1
T2922,4,5,3
T2923,4,10,3
T2924,4,11,2
T2925,4,11,4
T2926,2,5,1
T2927,2,16,5
T2928,4,20,2
T2929,2,17,3
T2930,3,4,3
T2931,3,17,2
T2932,1,1,1
T2933,1,16,5
T2934,3,6,1
T2935,1,8,4
T2936,1,17,3
T2937,1,19,3
T2938,4,7,3
T2939,1,3,2
T2940,3,8,3
T2941,2,7,2
T2942,4,9,2
T2943,3,11,1
T2944,1,14,4
T2945,3,2,4
T2946,3,10,4
T2947,3,13,4
T2948,2,2,3
T2949,1,13,2
T2950,2,14,5
T2951,2,18,3
T2952,2,11,4
T2953,4,10,5
T2954,3,11,4
T2955,1,4,3
T2956,2,1,3
T2957,3,14,1
T2958,1,2,5
T2959,2,18,1
T2960,2,6,5
T2961,1,18,3
T2962,3,1,2
T2963,4,15,4
T2964,3,16,2
T2965,3,17,2
T2966,4,9,2
T2967,3,7,4
T2968,1,13,4
T2969,3,6,2
T2970,4,15,3
T2971,1,18,3
T2972,1,7,1
T2973,2,14,4
T2974,2,14,3
T2975,3,8,1
T2976,3,19,3
T2977,1,13,3
T2978,1,2,3
T2979,2,20,4
T2980,2,8,1
T2981,3,2,1
T2982,3,19,4
T2983,2,4,2
T2984,2,11,2
T2985,4,4,1
T2986,4,14,5
T2987,3,3,4
T2988,3,4,3
T2989,2,17,5
T2990,3,1,5
T2991,2,14,1
T2992,1,17,1
T2993,1,5,5
T2994,3,17,2
T2995,1,19,3
T2996,3,17,4
T2997,2,17,1
T2998,4,8,1
T2999,1,3,4
T3000,2,20,2
T3001,4,13,1
T3002,4,7,4
T3003,3,3,2
T3004,3,1,2
T3005,1,2,5
T3006,2,17,3
T3007,1,4,4
T3008,2,1,3
T3009,2,3,2
T3010,3,19,4
T3011,3,4,2
T3012,1,5,3
T3013,1,7,3
T3014,4,2,1
T3015,1,5,1
T3016,2,6,1
T3017,2,8,5
T3018,1,14,5
T3019,4,6,5
T3020,2,10,5
T3021,1,20,1
T3022,1,12,3
T3023,3,4,1
T3024,1,7,2
T3025,3,16,2
T3026,4,17,1
T3027,4,14,1
T3028,1,1,3
T3029,4,19,5
T3030,2,10,1
T3031,2,13,2
T3032,3,1,4
T3033,3,19,2
T3034,3,17,5
T3035,4,18,1
T3036,2,5,4
T3037,1,7,3
T3038,3,9,5
T3039,3,3,5
T3040,4,16,4
T3041,3,13,1
T3042,4,16,1
T3043,2,3,2
T3044,1,5,5
T3045,1,5,1
T3046,4,19,4
T3047,1,18,4
T3048,1,17,4
T3049,4,16,3
T3050,2,1,2
T3051,4,3,1
T3052,1,19,5
T3053,1,18,3
T3054,2,3,1
T3055,2,8,5
T3056,2,13,5
T3057,3,3,2
T3058,2,18,4
T3059,1,18,1
T3060,4,13,2
T3061,1,2,2
T3062,1,1,1
T3063,2,13,5
T3064,1,7,1
T3065,4,6,4
T3066,2,4,3
T3067,1,11,2
T3068,3,5,1
T3069,3,3,1
T3070,1,12,2
T3071,4,16,5
T3072,2,6,5
T3073,4,11,1
T3074,1,17,2
T3075,4,8,5
T3076,1,5,4
T3077,2,16,2
T3078,3,14,1
T3079,4,17,5
T3080,2,4,5
T3081,4,15,5
T3082,1,10,2
T3083,4,8,4
T3084,1,20,4
T3085,1,9,5
T3086,4,4,1
T3087,4,5,2
T3088,1,5,1
T3089,1,10,4
T3090,3,17,5
T3091,2,15,5
T3092,2,16,1
T3093,3,12,5
T3094,2,9,1
T3095,4,13,4
T3096,2,16,4
T3097,2,1,4
T3098,4,4,3
T3099,3,7,1
T3100,2,10,5
T3101,4,18,2
T3102,3,5,5
T3103,1,10,3
T3104,2,12,3
T3105,1,12,2
T3106,4,12,5
T3107,2,3,5
T3108,1,3,2
T3109,1,20,5
T3110,1,9,3
T3111,1,11,1
T3112,2,11,3
T3113,1,19,5
T3114,1,9,2
T3115,4,15,5
T3116,4,6,4
T3117,4,2,4
T3118,3,4,4
T3119,1,1,4
T3120,1,2,3
T3121,4,17,4
T3122,2,11,1
T3123,4,11,1
T3124,3,15,3
T3125,3,8,2
T3126,3,3,1
T3127,3,2,4
T3128,2,9,5
T3129,1,19,4
T3130,2,19,3
T3131,4,6,1
T3132,1,12,2
T3133,3,12,2
T3134,1,20,4
T3135,2,13,4
T3136,3,1,4
T3137,3,2,2
T3138,3,1,2
T3139,2,20,2
T3140,2,14,4
T3141,3,17,2
T3142,3,13,1
T3143,3,18,5
T3144,4,14,2
T3145,3,17,2
T3146,2,5,1
T3147,3,17,4
T3148,2,20,4
T3149,4,7,1
T3150,2,6,3
T3151,4,18,5
T3152,1,20,3
T3153,4,3,3
T3154,2,11,1
T3155,2,10,1
T3156,3,11,3
T3157,1,5,2
T3158,2,6,3
T3159,1,17,3
T3160,4,8,1
T3161,4,10,1
T3162,4,12,1
T3163,1,14,2
T3164,4,20,4
T3165,1,6,4
T3166,4,11,3
T3167,4,10,4
T3168,2,16,5
T3169,2,7,2
T3170,2,2,4
T3171,4,15,3
T3172,4,1,2
T3173,1,1,2
T3174,4,10,2
T3175,1,9,4
T3176,2,4,3
T3177,4,12,5
T3178,3,13,5
T3179,4,15,4
T3180,2,14,1
T3181,4,10,3
T3182,4,2,5
T3183,3,17,5
T3184,4,11,1
T3185,2,2,2
T3186,1,7,1
T3187,4,20,3
T3188,4,15,5
T3189,3,15,3
T3190,1,17,3
T3191,4,3,3
T3192,2,17,5
T3193,3,6,2
T3194,2,8,1
T3195,2,16,4
T3196,4,18,5
T3197,3,14,5
T3198,3,6,2
T3199,3,13,1
T3200,2,11,3
T3201,1,6,5
T3202,4,7,1
T3203,4,18,5
T3204,4,1,1
T3205,2,16,4
T3206,3,19,2
T3207,3,2,3
T3208,1,15,2
T3209,1,3,4
T3210,2,11,1
T3211,2,9,3
T3212,2,3,1
T3213,4,10,5
T3214,1,14,3
T3215,4,18,1
T3216,3,1,2
T3217,1,18,1
T3218,4,4,2
T3219,3,2,4
T3220,4,4,2
T3221,3,5,2
T3222,2,1,5
T3223,3,11,2
T3224,1,20,2
T3225,4,3,4
T3226,1,5,3
T3227,3,2,5
T3228,3,10,3
T3229,1,2,3
T3230,3,13,5
T3231,1,13,2
T3232,2,14,3
T3233,1,16,2
T3234,1,8,2
T3235,1,12,1
T3236,1,5,1
T3237,1,17,3
T3238,2,9,3
T3239,3,16,1
T3240,3,17,5
T3241,2,11,3
T3242,2,12,5
T3243,4,4,4
T3244,2,3,1
T3245,1,8,5
T3246,3,11,4
T3247,4,1,4
T3248,1,15,1
T3249,3,16,4
T3250,3,7,4
T3251,3,8,4
T3252,3,8,1
T3253,2,2,1
T3254,1,6,3
T3255,1,19,4
T3256,1,12,4
T3257,4,19,5
T3258,3,11,1
T3259,3,12,5
T3260,4,13,1
T3261,1,2,3
T3262,3,3,5
T3263,1,18,3
T3264,1,8,2
T3265,2,14,3
T3266,4,13,3
T3267,3,15,1
T3268,3,2,3
T3269,1,13,1
T3270,1,13,3
T3271,2,11,2
T3272,3,14,3
T3273,2,14,1
T3274,1,7,3
T3275,2,20,4
T3276,4,15,4
T3277,3,3,3
T3278,4,8,1
T3279,4,1,4
T3280,2,13,2
T3281,2,17,3
T3282,4,15,2
T3283,1,4,4
T3284,3,16,5
T3285,1,10,1
T3286,1,7,4
T3287,4,12,3
T3288,3,10,5
T3289,1,17,2
T3290,4,20,1
T3291,1,17,5
T3292,3,14,1
T3293,2,11,5
T3294,3,1,4
T3295,1,9,2
T3296,1,14,4
T3297,4,6,3
T3298,4,19,4
T3299,4,20,1
T3300,1,3,1
T3301,2,14,3
T3302,4,8,3
T3303,2,20,1
T3304,1,20,2
T3305,1,19,1
T3306,1,4,1
T3307,3,11,2
T3308,2,3,3
T3309,3,6,5
T3310,3,16,4
T3311,2,4,5
T3312,1,15,4
T3313,3,6,4
T3314,4,13,2
T3315,3,12,4
T3316,3,13,1
T3317,2,4,5
T3318,3,8,4
T3319,3,5,5
T3320,3,13,5
T3321,3,5,2
T3322,2,20,4
T3323,4,3,2
T3324,4,18,2
T3325,2,14,2
T3326,1,18,4
T3327,4,15,5
T3328,1,5,3
T3329,2,18,1
T3330,3,14,5
T3331,1,16,1
T3332,1,19,4
T3333,1,5,3
T3334,3,10,4
T3335,3,16,3
T3336,1,19,4
T3337,4,11,4
T3338,3,7,1
T3339,4,1,3
T3340,2,4,3
T3341,4,7,3
T3342,3,14,3
T3343,1,2,1
T3344,1,20,2
T3345,1,1,3
T3346,2,15,2
T3347,2,20,2
T3348,4,19,1
T3349,3,8,4
T3350,2,19,3
T3351,1,4,5
T3352,3,5,1
T3353,4,20,4
T3354,4,9,1
T3355,4,17,3
T3356,4,4,3
T3357,1,5,2
T3358,2,4,5
T3359,2,10,1
T3360,1,20,5
T3361,4,10,1
T3362,4,8,5
T3363,2,9,1
T3364,4,3,5
T3365,4,8,1
T3366,1,10,3
T3367,4,15,2
T3368,1,5,2
T3369,1,10,1
T3370,1,3,4
T3371,2,4,1
T3372,4,10,2
T3373,3,9,1
T3374,4,9,3
T3375,1,2,3
T3376,4,4,2
T3377,1,11,2
T3378,2,15,3
T3379,2,20,1
T3380,3,3,3
T3381,2,2,4
T3382,2,18,4
T3383,1,5,5
T3384,4,17,2
T3385,2,12,4
T3386,3,5,1
T3387,1,20,4
T3388,4,5,4
T3389,1,16,3
T3390,1,18,5
T3391,3,5,3
T3392,1,13,4
T3393,4,17,4
T3394,4,20,2
T3395,4,11,3
T3396,1,16,2
T3397,3,9,2
T3398,4,10,1
T3399,4,20,5
T3400,1,18,3
T3401,3,10,5
T3402,1,11,2
T3403,3,8,1
T3404,4,13,5
T3405,2,3,4
T3406,2,13,2
T3407,1,18,1
T3408,4,16,2
T3409,3,18,5
T3410,1,18,4
T3411,4,11,1
T3412,1,15,4
T3413,3,13,2
T3414,4,18,3
T3415,1,11,2
T3416,4,19,1
T3417,3,11,1
T3418,1,7,3
T3419,4,3,2
T3420,1,9,3
T3421,2,11,1
T3422,2,15,3
T3423,4,13,1
T3424,3,14,4
T3425,4,2,1
T3426,2,12,4
T3427,1,10,3
T3428,4,3,2
T3429,1,19,4
T3430,4,18,2
T3431,4,16,2
T3432,4,7,2
T3433,1,9,2
T3434,2,9,3
T3435,1,8,3
T3436,1,2,3
T3437,1,10,4
T3438,2,10,3
T3439,2,11,3
T3440,3,20,5
T3441,1,1,4
T3442,3,3,2
T3443,3,6,3
T3444,4,16,1
T3445,4,3,5
T3446,3,7,2
T3447,1,11,2
T3448,3,8,2
T3449,3,12,3
T3450,3,17,2
T3451,4,6,4
T3452,4,3,4
T3453,1,15,3
T3454,4,18,1
T3455,3,2,3
T3456,4,3,1
T3457,4,1,4
T3458,3,18,3
T3459,4,11,2
T3460,1,14,2
T3461,1,1,5
T3462,2,11,5
T3463,2,20,4
T3464,4,16,3
T3465,3,16,3
T3466,1,17,4
T3467,3,8,1
T3468,4,1,1
T3469,3,9,2
T3470,3,2,2
T3471,2,18,3
T3472,3,1,2
T3473,3,3,3
T3474,2,7,3
T3475,1,18,2
T3476,1,8,5
T3477,1,3,3
T3478,2,1,5
T3479,3,19,4
T3480,1,14,2
T3481,3,10,2
T3482,4,11,3
T3483,1,19,3
T3484,2,10,3
T3485,1,20,2
T3486,1,8,1
T3487,1,4,2
T3488,4,11,4
T3489,1,15,4
T3490,4,2,4
T3491,1,20,4
T3492,3,2,4
T3493,1,7,3
T3494,1,2,5
T3495,4,3,5
T3496,4,18,2
T3497,4,8,3
T3498,2,1,1
T3499,2,5,3
T3500,1,16,5
T3501,2,13,3
T3502,4,5,5
T3503,2,10,1
T3504,4,11,1
T3505,4,14,3
T3506,4,11,5
T3507,4,9,5
T3508,3,18,3
T3509,1,20,4
T3510,2,10,2
T3511,2,13,2
T3512,1,18,3
T3513,1,15,1
T3514,3,6,4
T3515,1,6,2
T3516,4,18,2
T3517,1,16,1
T3518,3,18,1
T3519,3,11,4
T3520,3,9,1
T3521,1,20,2
T3522,2,3,2
T3523,3,4,5
T3524,2,14,3
T3525,1,17,5
T3526,3,19,1
T3527,3,1,2
T3528,1,18,3
T3529,3,20,2
T3530,4,15,2
T3531,1,11,4
T3532,3,8,5
T3533,4,7,4
T3534,1,5,5
T3535,3,5,4
T3536,3,15,1
T3537,3,20,2
T3538,4,3,1
T3539,4,17,2
T3540,4,8,1
T3541,2,9,3
T3542,3,11,5
T3543,4,5,5
T3544,4,19,3
T3545,1,11,1
T3546,2,12,4
T3547,1,8,4
T3548,3,4,2
T3549,2,9,4
T3550,1,9,4
T3551,2,16,4
T3552,2,10,2
T3553,3,3,1
T3554,1,20,4
T3555,2,17,2
T3556,2,18,2
T3557,1,11,5
T3558,4,3,1
T3559,1,7,5
T3560,3,2,4
T3561,3,11,5
T3562,2,17,4
T3563,4,14,4
T3564,2,11,2
T3565,4,1,3
T3566,1,14,1
T3567,1,19,1
T3568,3,4,1
T3569,4,14,4
T3570,1,1,2
T3571,1,12,3
T3572,2,3,4
T3573,1,15,3
T3574,1,12,3
T3575,4,17,2
T3576,1,18,4
T3577,4,9,1
T3578,3,8,2
T3579,4,5,5
T3580,4,15,2
T3581,4,7,1
T3582,2,18,1
T3583,4,7,3
T3584,3,11,4
T3585,2,12,5
T3586,2,12,2
T3587,4,10,1
T3588,1,9,3
T3589,3,2,4
T3590,3,15,4
T3591,2,18,1
T3592,1,2,1
T3593,3,9,5
T3594,2,2,2
T3595,1,4,4
T3596,3,18,4
T3597,1,20,3
T3598,1,9,4
T3599,4,20,4
T3600,3,17,1
T3601,1,17,5
T3602,4,12,3
T3603,1,8,1
T3604,2,18,2
T3605,1,17,3
T3606,1,1,3
T3607,3,13,3
T3608,2,18,1
T3609,3,13,4
T3610,2,17,5
T3611,3,20,3
T3612,1,20,2
T3613,1,5,4
T3614,1,18,3
T3615,4,8,4
T3616,2,17,1
T3617,4,14,4
T3618,3,14,5
T3619,4,12,2
T3620,4,4,1
T3621,3,10,4
T3622,3,19,4
T3623,4,4,2
T3624,4,12,5
T3625,4,9,4
T3626,1,6,2
T3627,4,8,2
T3628,2,14,5
T3629,3,6,4
T3630,3,12,1
T3631,2,20,4
T3632,1,5,4
T3633,2,3,3
T3634,3,5,5
T3635,4,17,4
T3636,1,5,1
T3637,1,14,1
T3638,4,1,1
T3639,3,13,4
T3640,2,3,5
T3641,2,10,5
T3642,2,17,1
T3643,2,16,3
T3644,2,11,1
T3645,2,11,2
T3646,4,17,1
T3647,1,8,4
T3648,2,3,1
T3649,4,7,3
T3650,3,11,2
T3651,1,17,1
T3652,3,16,2
T3653,3,19,3
T3654,4,2,3
T3655,1,10,1
T3656,3,1,4
T3657,2,20,4
T3658,1,8,2
T3659,2,17,1
T3660,3,11,3
T3661,3,8,4
T3662,2,20,4
T3663,4,16,2
T3664,1,5,2
T3665,3,19,4
T3666,1,12,3
T3667,4,17,3
T3668,2,13,1
T3669,4,20,2
T3670,4,12,2
T3671,1,2,3
T3672,2,2,4
T3673,4,11,5
T3674,3,7,1
T3675,3,1,2
T3676,1,14,3
T3677,3,5,2
T3678,1,20,5
T3679,1,6,3
T3680,1,13,2
T3681,2,2,4
T3682,2,20,1
T3683,3,3,2
T3684,2,19,5
T3685,4,1,1
T3686,4,17,3
T3687,3,17,2
T3688,1,1,3
T3689,4,14,2
T3690,2,20,4
T3691,2,3,5
T3692,2,15,2
T3693,1,2,3
T3694,2,5,1
T3695,1,14,3
T3696,3,2,4
T3697,3,2,3
T3698,1,3,3
T3699,3,13,3
T3700,3,12,5
T3701,3,7,5
T3702,1,9,1
T3703,2,16,5
T3704,2,14,5
T3705,1,7,2
T3706,4,12,4
T3707,2,2,1
T3708,4,4,2
T3709,3,2,2
T3710,2,16,2
T3711,1,15,1
T3712,4,6,4
T3713,1,19,2
T3714,2,12,3
T3715,4,13,1
T3716,1,15,2
T3717,4,8,3
T3718,3,11,3
T3719,1,15,2
T3720,2,14,4
T3721,3,5,2
T3722,3,7,3
T3723,2,4,1
T3724,4,14,4
T3725,2,7,4
T3726,1,7,5
T3727,2,17,2
T3728,3,4,5
T3729,1,19,3
T3730,3,6,4
T3731,3,12,1
T3732,3,11,4
T3733,3,18,4
T3734,3,13,5
T3735,3,4,1
T3736,2,18,4
T3737,1,2,2
T3738,4,12,2
T3739,2,3,3
T3740,3,13,2
T3741,2,7,5
T3742,1,6,2
T3743,2,18,4
T3744,2,19,4
T3745,2,16,5
T3746,1,9,3
T3747,4,6,5
T3748,2,17,4
T3749,1,20,3
T3750,3,12,4
T3751,3,5,5
T3752,4,7,4
T3753,2,14,2
T3754,1,2,5
T3755,3,14,2
T3756,2,20,5
T3757,2,1,1
T3758,4,17,5
T3759,3,7,2
T3760,4,10,5
T3761,1,18,1
T3762,1,2,2
T3763,1,8,1
T3764,1,18,3
T3765,1,4,3
T3766,2,17,2
T3767,4,6,4
T3768,3,3,5
T3769,2,11,4
T3770,3,5,5
T3771,2,7,4
T3772,2,20,1
T3773,4,18,3
T3774,1,2,4
T3775,3,16,5
T3776,2,1,3
T3777,2,6,3
T3778,2,20,1
T3779,3,7,4
T3780,1,4,2
T3781,3,8,4
T3782,3,11,4
T3783,4,5,2
T3784,3,2,3
T3785,3,4,3
T3786,3,7,4
T3787,4,17,1
T3788,2,13,1
T3789,1,12,3
T3790,2,1,4
T3791,4,18,3
T3792,2,16,1
T3793,3,2,3
T3794,3,9,3
T3795,2,12,5
T3796,2,11,1
T3797,4,11,1
T3798,2,13,1
T3799,4,7,1
T3800,3,5,5
T3801,3,10,2
T3802,2,14,5
T3803,3,15,2
T3804,4,9,2
T3805,2,4,5
T3806,2,18,4
T3807,1,15,1
T3808,3,7,2
T3809,2,3,2
T3810,4,5,4
T3811,2,11,1
T3812,1,10,4
T3813,4,6,2
T3814,3,3,3
T3815,1,1,5
T3816,3,1,4
T3817,2,9,1
T3818,4,6,3
T3819,4,12,3
T3820,2,7,5
T3821,1,7,3
T3822,3,14,4
T3823,3,15,1
T3824,4,11,2
T3825,1,4,3
T3826,1,18,1
T3827,4,15,2
T3828,3,9,1
T3829,2,5,3
T3830,4,11,3
T3831,3,3,2
T3832,2,17,3
T3833,4,4,3
T3834,4,6,5
T3835,3,14,4
T3836,1,5,1
T3837,4,15,5
T3838,4,12,5
T3839,2,17,4
T3840,2,12,3
T3841,3,15,1
T3842,4,12,2
T3843,1,18,4
T3844,4,7,4
T3845,1,12,3
T3846,2,1,3
T3847,4,11,1
T3848,1,19,4
T3849,4,20,2
T3850,1,8,2
T3851,4,11,1
T3852,4,19,3
T3853,1,12,5
T3854,1,8,1
T3855,1,5,3
T3856,2,1,3
T3857,4,9,5
T3858,1,20,4
T3859,3,17,2
T3860,3,1,4
T3861,4,15,4
T3862,4,14,1
T3863,3,7,3
T3864,3,19,4
T3865,3,9,2
T3866,2,20,5
T3867,1,6,1
T3868,4,5,2
T3869,4,18,5
T3870,1,10,3
T3871,1,18,4
T3872,1,1,4
T3873,4,15,2
T3874,1,6,5
T3875,2,10,1
T3876,2,20,1
T3877,3,4,1
T3878,1,8,5
T3879,2,3,2
T3880,2,15,1
T3881,4,5,3
T3882,4,4,2
T3883,3,3,5
T3884,1,18,3
T3885,3,4,3
T3886,3,13,5
T3887,1,18,3
T3888,1,3,1
T3889,2,10,3
T3890,2,3,2
T3891,1,14,1
T3892,1,5,3
T3893,2,16,4
T3894,2,2,1
T3895,1,12,1
T3896,2,18,3
T3897,2,17,5
T3898,1,17,1
T3899,1,4,1
T3900,4,5,2
T3901,3,5,5
T3902,3,13,5
T3903,4,16,1
T3904,1,15,5
T3905,3,18,4
T3906,4,8,3
T3907,1,5,1
T3908,1,9,1
T3909,1,1,4
T3910,3,2,1
T3911,4,13,3
T3912,3,2,2
T3913,1,14,5
T3914,3,18,1
T3915,1,14,5
T3916,2,15,5
T3917,4,9,5
T3918,4,2,4
T3919,1,1,4
T3920,1,15,2
T3921,2,9,4
T3922,1,2,3
T3923,3,6,2
T3924,3,4,1
T3925,3,16,4
T3926,4,6,4
T3927,4,6,4
T3928,4,17,5
T3929,2,4,4
T3930,3,16,5
T3931,4,16,2
T3932,3,16,1
T3933,2,4,4
T3934,1,16,1
T3935,1,8,2
T3936,3,6,4
T3937,1,2,5
T3938,2,14,1
T3939,4,13,2
T3940,2,1,5
T3941,1,18,1
T3942,4,16,4
T3943,3,13,4
T3944,1,16,5
T3945,1,11,3
T3946,2,18,2
T3947,1,10,4
T3948,2,3,4
T3949,2,16,4
T3950,2,11,5
T3951,4,1,1
T3952,2,14,4
T3953,2,1,4
T3954,4,2,2
T3955,3,14,3
T3956,1,3,1
T3957,3,4,4
T3958,1,20,2
T3959,1,10,2
T3960,2,12,2
T3961,2,10,2
T3962,3,14,1
T3963,4,7,1
T3964,3,4,1
T3965,3,17,5
T3966,1,11,4
T3967,1,14,2
T3968,3,10,1
T3969,3,13,1
T3970,2,6,3
T3971,1,19,3
T3972,3,3,2
T3973,3,17,5
T3974,3,15,2
T3975,2,6,4
T3976,2,6,4
T3977,2,5,3
T3978,1,20,3
T3979,3,4,3
T3980,4,4,3
T3981,1,3,4
T3982,4,13,4
T3983,3,15,1
T3984,2,6,2
T3985,2,13,3
T3986,2,1,3
T3987,3,16,1
T3988,2,13,4
T3989,3,9,5
T3990,4,14,1
T3991,3,4,4
T3992,4,11,5
T3993,1,7,5
T3994,1,10,4
T3995,3,7,3
T3996,4,12,2
T3997,1,17,4
T3998,3,5,1
T3999,2,5,3
T4000,1,7,5
T4001,4,18,2
T4002,1,5,3
T4003,3,8,3
T4004,3,6,3
T4005,2,4,3
T4006,4,2,2
T4007,2,20,3
T4008,2,14,4
T4009,3,8,3
T4010,1,7,1
T4011,4,12,4
T4012,4,8,3
T4013,2,2,2
T4014,4,6,3
T4015,3,12,4
T4016,4,3,5
T4017,4,1,3
T4018,3,10,4
T4019,4,18,2
T4020,4,8,4
T4021,1,7,3
T4022,2,13,3
T4023,3,8,2
T4024,4,3,4
T4025,2,9,4
T4026,2,4,5
T4027,4,3,3
T4028,1,6,1
T4029,2,19,2
T4030,4,16,1
T4031,4,11,1
T4032,1,12,1
T4033,1,16,4
T4034,3,18,5
T4035,1,10,4
T4036,4,5,1
T4037,1,12,2
T4038,4,9,3
T4039,1,9,2
T4040,1,6,1
T4041,1,3,3
T4042,1,2,3
T4043,1,7,1
T4044,4,9,1
T4045,4,1,2
T4046,2,18,2
T4047,2,9,4
T4048,4,6,5
T4049,2,14,3
T4050,4,3,3
T4051,3,17,1
T4052,2,16,1
T4053,4,4,1
T4054,2,3,3
T4055,3,10,4
T4056,3,15,5
T4057,1,1,1
T4058,3,15,5
T4059,4,6,3
T4060,2,12,4
T4061,3,17,1
T4062,4,2,3
T4063,3,11,2
T4064,1,2,4
T4065,4,19,3
T4066,1,14,3
T4067,3,9,2
T4068,4,14,3
T4069,1,2,3
T4070,4,5,1
T4071,4,1,5
T4072,4,12,2
T4073,4,20,4
T4074,1,3,4
T4075,3,3,2
T4076,3,3,5
T4077,3,7,2
T4078,4,7,4
T4079,2,8,4
T4080,1,16,5
T4081,4,11,1
T4082,2,6,4
T4083,2,12,1
T4084,1,14,3
T4085,2,1,3
T4086,4,7,5
T4087,1,4,2
T4088,2,3,5
T4089,1,20,4
T4090,1,13,2
T4091,1,5,1
T4092,2,12,4
T4093,2,16,5
T4094,4,2,4
T4095,1,16,2
T4096,4,15,1
T4097,4,18,3
T4098,2,16,5
T4099,2,4,1
T4100,4,14,2
T4101,4,4,3
T4102,1,1,4
T4103,4,18,1
T4104,1,15,2
T4105,1,1,5
T4106,2,17,1
T4107,3,17,2
T4108,2,15,5
T4109,4,14,5
T4110,1,1,1
T4111,3,12,3
T4112,3,20,4
T4113,2,9,1
T4114,2,16,1
T4115,1,8,1
T4116,2,20,5
T4117,3,10,3
T4118,4,6,2
T4119,2,1,3
T4120,4,4,1
T4121,2,13,2
T4122,3,8,1
T4123,4,8,2
T4124,1,5,4
T4125,3,14,5
T4126,1,12,3
T4127,2,3,4
T4128,4,10,4
T4129,3,20,4
T4130,4,1,2
T4131,1,4,1
T4132,4,2,1
T4133,3,15,3
T4134,3,16,3
T4135,1,16,1
T4136,1,2,4
T4137,1,16,4
T4138,2,6,5
T4139,2,7,1
T4140,3,2,3
T4141,4,19,1
T4142,1,18,1
T4143,1,15,1
T4144,4,15,2
T4145,3,13,4
T4146,2,13,3
T4147,1,3,5
T4148,4,20,2
T4149,3,6,3
T4150,1,5,5
T4151,3,3,4
T4152,2,12,4
T4153,4,4,2
T4154,4,6,4
T4155,1,5,2
T4156,2,13,1
T4157,4,18,2
T4158,2,3,1
T4159,1,5,4
T4160,2,7,2
T4161,2,5,5
T4162,1,7,3
T4163,1,18,1
T4164,1,9,2
T4165,3,6,5
T4166,3,7,1
T4167,1,7,1
T4168,1,10,1
T4169,4,14,1
T4170,1,11,1
T4171,4,18,4
T4172,4,20,2
T4173,1,12,2
T4174,2,9,1
T4175,4,16,2
T4176,3,13,2
T4177,4,8,4
T4178,4,9,4
T4179,4,16,4
T4180,1,11,1
T4181,4,17,4
T4182,4,8,5
T4183,2,6,3
T4184,1,9,2
T4185,2,11,4
T4186,3,1,5
T4187,4,7,4
T4188,3,8,5
T4189,3,14,3
T4190,1,16,1
T4191,4,9,3
T4192,2,17,4
T4193,3,13,1
T4194,2,10,4
T4195,2,14,3
T4196,3,20,3
T4197,3,13,5
T4198,1,12,4
T4199,1,19,4
T4200,4,16,1
T4201,2,18,4
T4202,1,9,1
T4203,4,5,2
T4204,2,4,4
T4205,1,3,3
T4206,1,19,5
T4207,2,17,3
T4208,1,9,3
T4209,3,17,2
T4210,2,13,2
T4211,3,3,4
T4212,1,14,4
T4213,3,9,3
T4214,2,14,1
T4215,3,10,2
T4216,3,3,1
T4217,2,18,4
T4218,1,19,5
T4219,4,19,4
T4220,2,17,3
T4221,2,10,2
T4222,1,2,5
T4223,2,15,5
T4224,2,16,1
T4225,1,9,5
T4226,1,3,3
T4227,4,14,2
T4228,3,20,2
T4229,1,17,3
T4230,3,18,5
T4231,2,5,5
T4232,3,13,1
T4233,2,1,4
T4234,3,12,4
T4235,1,12,1
T4236,3,10,5
T4237,4,2,5
T4238,4,1,2
T4239,3,6,1
T4240,3,17,4
T4241,2,4,5
T4242,4,6,1
T4243,4,9,4
T4244,3,18,3
T4245,1,7,2
T4246,2,11,4
T4247,3,1,1
T4248,1,13,1
T4249,2,16,2
T4250,3,11,3
T4251,2,14,4
T4252,3,11,5
T4253,1,15,3
T4254,4,12,3
T4255,4,13,2
T4256,4,4,4
T4257,3,2,1
T4258,2,13,2
T4259,1,8,4
T4260,3,2,4
T4261,3,1,3
T4262,2,6,2
T4263,4,18,3
T4264,2,6,2
T4265,1,2,5
T4266,1,20,4
T4267,3,17,3
T4268,3,10,4
T4269,1,14,4
T4270,1,8,2
T4271,1,15,1
T4272,3,1,5
T4273,4,18,5
T4274,2,2,3
T4275,2,2,1
T4276,3,4,3
T4277,1,16,3
T4278,2,4,2
T4279,4,17,3
T4280,2,6,4
T4281,2,15,5
T4282,4,10,4
T4283,4,13,5
T4284,1,3,5
T4285,3,20,5
T4286,4,7,3
T4287,4,18,1
T4288,3,7,4
T4289,4,11,1
T4290,1,7,4
T4291,4,15,1
T4292,3,9,4
T4293,2,5,3
T4294,3,13,2
T4295,1,19,2
T4296,2,14,3
T4297,2,1,3
T4298,3,20,5
T4299,1,20,2
T4300,3,9,5
T4301,4,9,2
T4302,1,8,4
T4303,3,20,1
T4304,3,14,4
T4305,1,12,2
T4306,1,9,5
T4307,1,17,4
T4308,2,17,4
T4309,1,12,5
T4310,3,5,3
T4311,2,2,1
T4312,1,6,5
T4313,4,1,3
T4314,3,11,2
T4315,4,15,2
T4316,4,13,4
T4317,3,18,2
T4318,2,18,1
T4319,3,13,2
T4320,1,1,1
T4321,1,17,1
T4322,1,10,4
T4323,3,1,1
T4324,2,7,1
T4325,1,7,3
T4326,2,5,4
T4327,1,2,2
T4328,3,7,3
T4329,4,2,5
T4330,3,6,1
T4331,2,8,3
T4332,1,19,2
T4333,4,5,1
T4334,2,2,4
T4335,4,13,3
T4336,3,1,3
T4337,2,13,5
T4338,1,19,5
T4339,3,13,1
T4340,3,11,2
T4341,2,11,3
T4342,2,13,5
T4343,1,2,1
T4344,1,10,2
T4345,3,8,1
T4346,3,1,2
T4347,4,12,5
T4348,3,11,4
T4349,2,15,2
T4350,2,17,3
T4351,2,14,4
T4352,4,11,2
T4353,1,10,4
T4354,3,14,5
T4355,2,8,5
T4356,1,7,2
T4357,4,14,2
T4358,3,6,3
T4359,2,5,1
T4360,4,15,4
T4361,1,17,3
T4362,2,17,5
T4363,1,17,5
T4364,3,6,3
T4365,1,3,4
T4366,2,15,3
T4367,4,9,4
T4368,1,7,5
T4369,4,17,4
T4370,4,3,4
T4371,3,7,2
T4372,3,11,3
T4373,3,7,4
T4374,3,8,1
T4375,1,12,2
T4376,3,10,3
T4377,3,18,2
T4378,3,11,1
T4379,4,18,4
T4380,2,6,1
T4381,3,9,5
T4382,2,14,5
T4383,3,14,5
T4384,4,9,5
T4385,2,19,5
T4386,1,19,4
T4387,1,13,5
T4388,1,17,4
T4389,2,7,3
T4390,1,3,4
T4391,1,20,2
T4392,1,9,4
T4393,4,9,5
T4394,1,9,2
T4395,1,13,5
T4396,1,7,3
T4397,4,15,3
T4398,1,15,2
T4399,4,16,1
T4400,2,1,2
T4401,2,19,2
T4402,3,6,3
T4403,1,15,5
T4404,2,20,3
T4405,1,19,2
T4406,2,18,5
T4407,2,4,3
T4408,4,15,5
T4409,1,4,1
T4410,4,15,3
T4411,1,18,5
T4412,1,16,2
T4413,3,7,3
T4414,3,13,1
T4415,1,17,4
T4416,3,9,2
T4417,1,18,2
T4418,4,5,2
T4419,1,7,5
T4420,2,1,2
T4421,2,9,1
T4422,3,7,3
T4423,1,17,1
T4424,2,16,1
T4425,4,17,2
T4426,4,4,4
T4427,1,15,3
T4428,4,14,4
T4429,2,5,1
T4430,2,1,5
T4431,2,9,2
T4432,2,17,3
T4433,1,5,5
T4434,1,8,3
T4435,3,17,3
T4436,1,18,4
T4437,3,2,5
T4438,2,8,3
T4439,3,20,1
T4440,1,18,3
T4441,1,8,1
T4442,2,18,5
T4443,1,8,1
T4444,3,13,2
T4445,2,16,3
T4446,1,2,2
T4447,1,3,3
T4448,3,15,3
T4449,3,7,1
T4450,1,15,5
T4451,2,17,2
T4452,3,12,5
T4453,3,2,5
T4454,2,3,2
T4455,2,10,3
T4456,1,19,5
T4457,4,13,3
T4458,4,5,3
T4459,3,8,4
T4460,2,13,3
T4461,1,1,5
T4462,3,15,3
T4463,4,1,2
T4464,4,19,5
T4465,1,18,2
T4466,2,16,3
T4467,3,13,5
T4468,3,17,2
T4469,2,6,4
T4470,3,4,4
T4471,2,13,4
T4472,3,3,5
T4473,2,9,4
T4474,1,2,2
T4475,4,14,5
T4476,3,1,3
T4477,3,20,4
T4478,4,13,4
T4479,2,5,2
T4480,1,17,2
T4481,1,2,5
T4482,2,5,5
T4483,4,2,3
T4484,1,4,5
T4485,4,16,3
T4486,2,7,5
T4487,2,2,5
T4488,2,3,2
T4489,4,18,4
T4490,4,9,2
T4491,1,7,2
T4492,4,9,4
T4493,4,9,3
T4494,1,8,4
T4495,4,2,5
T4496,1,18,2
T4497,1,14,5
T4498,2,10,1
T4499,4,13,4
T4500,3,7,2
T4501,1,6,3
T4502,3,2,1
T4503,4,3,5
T4504,2,17,1
T4505,4,14,2
T4506,1,16,3
T4507,3,6,4
T4508,2,10,2
T4509,2,7,3
T4510,3,5,4
T4511,3,19,1
T4512,1,17,3
T4513,1,17,5
T4514,3,1,4
T4515,4,20,1
T4516,3,10,5
T4517,4,20,5
T4518,4,1,2
T4519,4,10,5
T4520,1,6,2
T4521,1,4,4
T4522,1,8,4
T4523,1,19,3
T4524,3,17,3
T4525,2,2,2
T4526,1,7,5
T4527,2,15,2
T4528,4,10,4
T4529,1,12,1
T4530,4,4,3
T4531,4,12,3
T4532,2,5,3
T4533,4,10,5
T4534,3,2,2
T4535,4,5,2
T4536,4,3,4
T4537,4,5,2
T4538,1,1,2
T4539,2,3,5
T4540,3,5,3
T4541,2,19,1
T4542,1,10,5
T4543,4,20,3
T4544,4,7,2
T4545,1,7,4
T4546,4,16,3
T4547,3,14,1
T4548,2,18,4
T4549,3,10,5
T4550,3,5,1
T4551,3,5,3
T4552,1,5,4
T4553,3,13,2
T4554,1,2,4
T4555,2,8,3
T4556,3,2,4
T4557,3,20,4
T4558,1,14,1
T4559,4,8,1
T4560,2,15,4
T4561,2,12,1
T4562,1,3,3
T4563,2,1,5
T4564,2,3,1
T4565,2,19,4
T4566,1,3,5
T4567,3,6,4
T4568,1,9,4
T4569,2,11,5
T4570,2,17,4
T4571,2,11,1
T4572,2,5,1
T4573,2,10,2
T4574,3,3,5
T4575,4,16,3
T4576,1,10,2
T4577,4,6,3
T4578,1,10,5
T4579,2,11,1
T4580,4,1,2
T4581,1,11,1
T4582,2,11,2
T4583,4,7,1
T4584,4,1,1
T4585,1,8,4
T4586,2,13,1
T4587,4,12,1
T4588,4,3,5
T4589,3,11,5
T4590,1,18,1
T4591,3,3,2
T4592,2,8,5
T4593,1,2,2
T4594,4,9,2
T4595,2,7,5
T4596,3,10,3
T4597,1,18,2
T4598,4,20,2
T4599,1,14,2
T4600,3,1,3
T4601,4,20,4
T4602,1,11,5
T4603,1,13,1
T4604,4,12,5
T4605,3,6,3
T4606,3,16,3
T4607,1,17,1
T4608,4,6,1
T4609,4,10,5
T4610,2,6,2
T4611,2,5,4
T4612,3,10,1
T4613,3,17,3
T4614,1,7,3
T4615,2,1,5
T4616,1,5,4
T4617,4,9,5
T4618,4,19,3
T4619,1,6,2
T4620,2,6,4
T4621,2,9,5
T4622,4,5,1
T4623,2,3,5
T4624,3,3,1
T4625,2,8,3
T4626,4,13,2
T4627,2,11,1
T4628,2,1,5
T4629,2,8,2
T4630,2,13,1
T4631,1,10,4
T4632,3,7,1
T4633,4,12,1
T4634,2,20,5
T4635,3,11,4
T4636,1,7,5
T4637,2,18,1
T4638,2,15,2
T4639,1,16,2
T4640,3,12,5
T4641,4,2,3
T4642,1,8,4
T4643,4,6,2
T4644,4,8,3
T4645,3,15,1
T4646,2,19,4
T4647,2,3,4
T4648,2,20,3
T4649,1,9,4
T4650,4,13,4
T4651,2,16,1
T4652,3,17,4
T4653,4,12,3
T4654,3,12,1
T4655,4,14,5
T4656,4,12,3
T4657,3,5,1
T4658,3,19,3
T4659,4,5,4
T4660,4,12,3
T4661,3,14,2
T4662,2,6,2
T4663,1,2,3
T4664,4,2,4
T4665,4,7,3
T4666,2,12,2
T4667,3,19,5
T4668,3,6,4
T4669,1,5,2
T4670,1,1,2
T4671,1,10,5
T4672,3,18,2
T4673,3,8,5
T4674,3,19,2
T4675,4,4,1
T4676,2,7,2
T4677,4,3,1
T4678,1,19,1
T4679,4,8,1
T4680,4,8,4
T4681,2,6,2
T4682,1,16,2
T4683,1,3,3
T4684,1,18,2
T4685,2,13,5
T4686,2,9,3
T4687,1,2,5
T4688,2,19,5
T4689,4,3,1
T4690,1,6,4
T4691,3,20,2
T4692,3,10,3
T4693,2,17,5
T4694,3,17,3
T4695,4,13,2
T4696,4,18,3
T4697,2,11,1
T4698,3,7,3
T4699,2,12,2
T4700,4,19,1
T4701,3,17,1
T4702,1,3,3
T4703,3,17,2
T4704,1,5,3
T4705,1,5,5
T4706,4,3,5
T4707,3,5,3
T4708,3,13,1
T4709,1,2,2
T4710,4,13,3
T4711,1,17,4
T4712,3,5,2
T4713,1,13,2
T4714,2,8,3
T4715,2,4,1
T4716,2,18,5
T4717,3,3,3
T4718,3,15,3
T4719,2,6,2
T4720,3,11,4
T4721,4,18,4
T4722,1,13,2
T4723,4,3,3
T4724,2,19,1
T4725,2,18,4
T4726,1,8,5
T4727,4,12,5
T4728,2,9,3
T4729,3,1,3
T4730,1,8,4
T4731,4,9,3
T4732,1,18,5
T4733,3,20,4
T4734,2,20,4
T4735,2,18,2
T4736,3,18,2
T4737,2,12,2
T4738,3,8,1
T4739,1,19,3
T4740,1,12,3
T4741,2,18,1
T4742,2,7,1
T4743,4,4,4
T4744,4,15,4
T4745,1,14,1
T4746,1,13,4
T4747,3,1,3
T4748,4,17,1
T4749,2,2,5
T4750,4,7,5
T4751,2,16,1
T4752,2,13,2
T4753,4,19,3
T4754,1,18,1
T4755,3,2,5
T4756,2,18,4
T4757,4,20,1
T4758,3,10,4
T4759,1,3,1
T4760,1,18,3
T4761,2,9,5
T4762,4,15,3
T4763,3,16,3
T4764,1,13,5
T4765,4,1,5
T4766,3,15,1
T4767,4,19,4
T4768,1,18,4
T4769,2,13,3
T4770,1,4,4
T4771,2,8,2
T4772,3,13,4
T4773,3,1,2
T4774,3,2,1
T4775,3,16,5
T4776,2,1,1
T4777,3,7,4
T4778,3,12,2
T4779,4,6,2
T4780,2,13,5
T4781,1,19,2
T4782,3,13,2
T4783,1,3,1
T4784,4,11,2
T4785,2,14,3
T4786,4,1,3
T4787,2,4,5
T4788,4,8,5
T4789,4,10,1
T4790,3,5,5
T4791,4,13,4
T4792,1,9,1
T4793,4,5,4
T4794,3,15,4
T4795,4,5,3
T4796,3,17,1
T4797,3,16,1
T4798,3,8,5
T4799,3,5,3
T4800,1,5,2
T4801,4,13,2
T4802,1,11,3
T4803,1,18,5
T4804,4,18,3
T4805,2,11,4
T4806,3,2,5
T4807,4,5,1
T4808,4,1,3
T4809,2,2,5
T4810,3,13,2
T4811,2,18,5
T4812,3,5,3
T4813,3,20,3
T4814,4,16,3
T4815,2,3,4
T4816,3,17,2
T4817,3,13,5
T4818,3,15,3
T4819,3,15,5
T4820,1,13,4
T4821,2,4,2
T4822,4,16,2
T4823,4,6,2
T4824,1,11,4
T4825,3,1,3
T4826,1,3,1
T4827,3,8,4
T4828,1,17,2
T4829,3,19,3
T4830,4,5,5
T4831,2,15,5
T4832,4,9,1
T4833,2,15,5
T4834,2,3,4
T4835,3,11,1
T4836,2,12,2
T4837,1,20,3
T4838,2,19,2
T4839,3,13,1
T4840,3,9,3
T4841,2,17,5
T4842,2,17,4
T4843,4,11,4
T4844,1,4,1
T4845,3,9,4
T4846,1,4,1
T4847,3,18,2
T4848,1,2,4
T4849,2,5,5
T4850,2,7,3
T4851,4,14,2
T4852,2,7,1
T4853,2,8,4
T4854,4,2,3
T4855,4,20,3
T4856,3,18,3
T4857,1,11,1
T4858,1,7,2
T4859,4,3,2
T4860,1,1,4
T4861,3,12,2
T4862,1,5,4
T4863,4,8,2
T4864,2,12,1
T4865,1,15,1
T4866,1,7,2
T4867,4,1,4
T4868,1,9,1
T4869,2,14,5
T4870,1,2,5
T4871,4,2,3
T4872,3,14,1
T4873,4,7,2
T4874,1,3,4
T4875,2,9,5
T4876,2,16,1
T4877,3,18,1
T4878,4,18,3
T4879,4,19,4
T4880,1,7,5
T4881,4,16,3
T4882,1,1,2
T4883,2,11,3
T4884,3,17,4
T4885,2,5,3
T4886,2,14,1
T4887,3,15,3
T4888,3,6,5
T4889,4,17,3
T4890,4,2,3
T4891,1,2,1
T4892,2,7,5
T4893,4,8,3
T4894,4,20,1
T4895,3,7,5
T4896,4,8,3
T4897,1,17,5
T4898,2,8,2
T4899,1,15,2
T4900,1,2,4
T4901,1,20,5
T4902,3,4,3
T4903,1,9,5
T4904,3,13,4
T4905,3,18,1
T4906,1,17,5
T4907,4,18,2
T4908,2,9,4
T4909,1,9,1
T4910,2,20,3
T4911,2,7,3
T4912,4,18,5
T4913,3,2,5
T4914,4,5,1
T4915,2,8,4
T4916,3,14,2
T4917,4,16,4
T4918,1,4,1
T4919,2,2,1
T4920,4,4,1
T4921,2,17,3
T4922,1,14,5
T4923,3,10,5
T4924,2,10,5
T4925,3,14,5
T4926,2,8,5
T4927,3,8,5
T4928,1,15,3
T4929,3,17,2
T4930,1,11,1
T4931,2,8,3
T4932,4,4,2
T4933,3,1,4
T4934,2,15,2
T4935,3,19,5
T4936,4,7,1
T4937,2,7,4
T4938,1,12,2
T4939,3,13,1
T4940,3,11,2
T4941,3,13,5
T4942,2,20,1
T4943,2,10,2
T4944,2,8,5
T4945,2,7,1
T4946,3,13,5
T4947,1,14,1
T4948,1,10,2
T4949,1,2,2
T4950,2,3,5
T4951,3,1,2
T4952,2,6,2
T4953,1,17,1
T4954,1,2,4
T4955,1,7,4
T4956,4,20,3
T4957,4,19,4
T4958,1,11,4
T4959,3,9,1
T4960,4,6,3
T4961,1,5,5
T4962,1,10,5
T4963,2,17,3
T4964,2,14,3
T4965,3,5,5
T4966,4,5,4
T4967,1,15,3
T4968,1,3,3
T4969,4,6,4
T4970,1,5,4
T4971,4,6,5
T4972,2,12,1
T4973,3,12,3
T4974,1,2,1
T4975,4,11,5
T4976,4,5,2
T4977,4,19,5
T4978,3,16,4
T4979,3,8,2
T4980,1,16,1
T4981,2,17,3
T4982,2,13,5
T4983,3,11,5
T4984,1,19,1
T4985,4,10,2
T4986,2,2,1
T4987,1,18,2
T4988,1,4,4
T4989,3,6,3
T4990,2,19,3
T4991,4,20,5
T4992,2,2,4
T4993,4,7,3
T4994,1,18,2
T4995,3,9,5
T4996,2,7,3
T4997,4,10,1
T4998,3,1,1
T4999,2,16,5
