order_id,tanggal,kategori,kota,unit_terjual,harga_satuan,metode_pembayaran,rating
ORD-3000,2026-09-02T00:00:00.000000000,Rumah Tangga,Yogyakarta,3,90000,COD,4.0
ORD-3001,2026-09-04T00:00:00.000000000,Makanan & Minuman,Solo,3,200000,E-Wallet,5.0
ORD-3002,2026-09-26T00:00:00.000000000,Kesehatan & Kecantikan,Semarang,8,60000,E-Wallet,3.0
ORD-3003,2026-09-09T00:00:00.000000000,Makanan & Minuman,Semarang,6,350000,Transfer Bank,4.0
ORD-3004,2026-09-10T00:00:00.000000000,Rumah Tangga,Yogyakarta,10,60000,E-Wallet,4.0
ORD-3005,2026-09-09T00:00:00.000000000,Fashion,Purworejo,5,20000,E-Wallet,4.0
ORD-3006,2026-09-19T00:00:00.000000000,Makanan & Minuman,Yogyakarta,2,20000,COD,5.0
ORD-3007,2026-09-05T00:00:00.000000000,Makanan & Minuman,Magelang,8,90000,Transfer Bank,
ORD-3008,2026-09-06T00:00:00.000000000,Fashion,Semarang,7,20000,Kartu Kredit,5.0
ORD-3009,2026-09-21T00:00:00.000000000,Elektronik,Yogyakarta,10,90000,Transfer Bank,3.0
ORD-3010,2026-09-02T00:00:00.000000000,Fashion,Solo,4,350000,Transfer Bank,3.0
ORD-3011,2026-09-24T00:00:00.000000000,Olahraga,Purworejo,4,60000,Kartu Kredit,4.0
ORD-3012,2026-09-04T00:00:00.000000000,Kesehatan & Kecantikan,Solo,8,125000,Kartu Kredit,5.0
ORD-3013,2026-09-24T00:00:00.000000000,Makanan & Minuman,Yogyakarta,8,200000,Kartu Kredit,5.0
ORD-3014,2026-09-18T00:00:00.000000000,Kesehatan & Kecantikan,Semarang,1,60000,Transfer Bank,4.0
ORD-3015,2026-09-02T00:00:00.000000000,Elektronik,Purworejo,8,200000,COD,5.0
ORD-3016,2026-09-17T00:00:00.000000000,Elektronik,Purworejo,10,45000,COD,4.0
ORD-3017,2026-09-30T00:00:00.000000000,Fashion,Semarang,8,125000,E-Wallet,
ORD-3018,2026-09-28T00:00:00.000000000,Fashion,Semarang,11,90000,Transfer Bank,5.0
ORD-3019,2026-09-07T00:00:00.000000000,Olahraga,Semarang,2,125000,E-Wallet,
ORD-3020,2026-09-12T00:00:00.000000000,Olahraga,Magelang,4,90000,E-Wallet,5.0
ORD-3021,2026-09-21T00:00:00.000000000,Olahraga,Kebumen,5,125000,COD,5.0
ORD-3022,2026-09-24T00:00:00.000000000,Olahraga,Purworejo,6,20000,Kartu Kredit,4.0
ORD-3023,2026-09-03T00:00:00.000000000,Makanan & Minuman,Solo,2,200000,Kartu Kredit,4.0
ORD-3024,2026-09-01T00:00:00.000000000,Fashion,Kebumen,7,45000,COD,
ORD-3025,2026-09-13T00:00:00.000000000,Olahraga,Semarang,6,60000,Kartu Kredit,3.0
ORD-3026,2026-09-09T00:00:00.000000000,Kesehatan & Kecantikan,Magelang,3,45000,E-Wallet,3.0
ORD-3027,2026-09-09T00:00:00.000000000,Fashion,Kebumen,7,90000,Kartu Kredit,5.0
ORD-3028,2026-09-21T00:00:00.000000000,Elektronik,Solo,7,90000,Kartu Kredit,3.0
ORD-3029,2026-09-26T00:00:00.000000000,Olahraga,Solo,7,200000,COD,5.0
ORD-3030,2026-09-28T00:00:00.000000000,Makanan & Minuman,Semarang,5,125000,Transfer Bank,5.0
ORD-3031,2026-09-08T00:00:00.000000000,Rumah Tangga,Solo,4,45000,Kartu Kredit,4.0
ORD-3032,2026-09-16T00:00:00.000000000,Fashion,Solo,8,60000,Kartu Kredit,
ORD-3033,2026-09-27T00:00:00.000000000,Olahraga,Solo,3,20000,Transfer Bank,4.0
ORD-3034,2026-09-16T00:00:00.000000000,Olahraga,Magelang,4,45000,Transfer Bank,
ORD-3035,2026-09-28T00:00:00.000000000,Fashion,Kebumen,7,20000,Kartu Kredit,
ORD-3036,2026-09-06T00:00:00.000000000,Kesehatan & Kecantikan,Yogyakarta,4,350000,E-Wallet,
ORD-3037,2026-09-15T00:00:00.000000000,Elektronik,Magelang,5,20000,Transfer Bank,4.0
ORD-3038,2026-09-05T00:00:00.000000000,Kesehatan & Kecantikan,Solo,2,20000,E-Wallet,
ORD-3039,2026-09-13T00:00:00.000000000,Makanan & Minuman,Magelang,6,200000,Transfer Bank,5.0
ORD-3040,2026-09-26T00:00:00.000000000,Olahraga,Purworejo,5,90000,Kartu Kredit,5.0
ORD-3041,2026-09-18T00:00:00.000000000,Olahraga,Solo,10,20000,E-Wallet,
ORD-3042,2026-09-10T00:00:00.000000000,Kesehatan & Kecantikan,Solo,2,20000,COD,5.0
ORD-3043,2026-09-01T00:00:00.000000000,Fashion,Solo,9,200000,COD,4.0
ORD-3044,2026-09-22T00:00:00.000000000,Rumah Tangga,Magelang,8,60000,Kartu Kredit,
ORD-3045,2026-09-16T00:00:00.000000000,Rumah Tangga,Kebumen,6,60000,Transfer Bank,5.0
ORD-3046,2026-09-10T00:00:00.000000000,Kesehatan & Kecantikan,Magelang,4,20000,COD,1.0
ORD-3047,2026-09-04T00:00:00.000000000,Olahraga,Solo,5,60000,E-Wallet,4.0
ORD-3048,2026-09-20T00:00:00.000000000,Rumah Tangga,Semarang,10,125000,Transfer Bank,
ORD-3049,2026-09-23T00:00:00.000000000,Kesehatan & Kecantikan,Magelang,3,20000,Transfer Bank,3.0
ORD-3050,2026-09-27T00:00:00.000000000,Kesehatan & Kecantikan,Semarang,8,125000,E-Wallet,
ORD-3051,2026-09-19T00:00:00.000000000,Olahraga,Yogyakarta,10,90000,COD,
ORD-3052,2026-09-28T00:00:00.000000000,Fashion,Kebumen,6,200000,COD,3.0
ORD-3053,2026-09-06T00:00:00.000000000,Makanan & Minuman,Semarang,4,20000,E-Wallet,
ORD-3054,2026-09-13T00:00:00.000000000,Olahraga,Yogyakarta,10,90000,E-Wallet,
ORD-3055,2026-09-01T00:00:00.000000000,Olahraga,Semarang,7,90000,E-Wallet,3.0
ORD-3056,2026-09-29T00:00:00.000000000,Rumah Tangga,Semarang,6,45000,E-Wallet,4.0
ORD-3057,2026-09-22T00:00:00.000000000,Fashion,Purworejo,2,90000,E-Wallet,
ORD-3058,2026-09-28T00:00:00.000000000,Olahraga,Semarang,4,20000,Kartu Kredit,5.0
ORD-3059,2026-09-02T00:00:00.000000000,Olahraga,Magelang,4,20000,Transfer Bank,5.0
ORD-3060,2026-09-13T00:00:00.000000000,Kesehatan & Kecantikan,Magelang,9,125000,Kartu Kredit,
ORD-3061,2026-09-12T00:00:00.000000000,Makanan & Minuman,Yogyakarta,7,125000,E-Wallet,3.0
ORD-3062,2026-09-19T00:00:00.000000000,Rumah Tangga,Yogyakarta,6,90000,COD,
ORD-3063,2026-09-12T00:00:00.000000000,Olahraga,Kebumen,11,60000,E-Wallet,
ORD-3064,2026-09-30T00:00:00.000000000,Kesehatan & Kecantikan,Semarang,8,125000,E-Wallet,3.0
ORD-3065,2026-09-18T00:00:00.000000000,Rumah Tangga,Magelang,2,60000,COD,
ORD-3066,2026-09-10T00:00:00.000000000,Olahraga,Magelang,8,200000,COD,5.0
ORD-3067,2026-09-28T00:00:00.000000000,Elektronik,Kebumen,8,200000,Kartu Kredit,
ORD-3068,2026-09-02T00:00:00.000000000,Makanan & Minuman,Kebumen,3,45000,COD,4.0
ORD-3069,2026-09-13T00:00:00.000000000,Elektronik,Solo,1,350000,COD,4.0
ORD-3070,2026-09-14T00:00:00.000000000,Fashion,Kebumen,2,60000,Transfer Bank,5.0
ORD-3071,2026-09-13T00:00:00.000000000,Makanan & Minuman,Semarang,1,125000,E-Wallet,5.0
ORD-3072,2026-09-04T00:00:00.000000000,Rumah Tangga,Magelang,9,90000,Transfer Bank,
ORD-3073,2026-09-25T00:00:00.000000000,Fashion,Yogyakarta,4,90000,COD,
ORD-3074,2026-09-09T00:00:00.000000000,Elektronik,Magelang,3,125000,COD,
ORD-3075,2026-09-10T00:00:00.000000000,Olahraga,Solo,9,90000,E-Wallet,
ORD-3076,2026-09-19T00:00:00.000000000,Elektronik,Yogyakarta,4,60000,Kartu Kredit,
ORD-3077,2026-09-26T00:00:00.000000000,Fashion,Purworejo,2,20000,E-Wallet,4.0
ORD-3078,2026-09-09T00:00:00.000000000,Fashion,Kebumen,11,200000,Transfer Bank,4.0
ORD-3079,2026-09-12T00:00:00.000000000,Olahraga,Magelang,7,90000,COD,
ORD-3080,2026-09-01T00:00:00.000000000,Makanan & Minuman,Purworejo,1,350000,COD,5.0
ORD-3081,2026-09-24T00:00:00.000000000,Olahraga,Purworejo,8,350000,Kartu Kredit,4.0
ORD-3082,2026-09-30T00:00:00.000000000,Kesehatan & Kecantikan,Kebumen,3,90000,Kartu Kredit,5.0
ORD-3083,2026-09-12T00:00:00.000000000,Olahraga,Kebumen,9,20000,Kartu Kredit,
ORD-3084,2026-09-04T00:00:00.000000000,Fashion,Kebumen,3,90000,Kartu Kredit,1.0
ORD-3085,2026-09-19T00:00:00.000000000,Makanan & Minuman,Purworejo,10,200000,Transfer Bank,4.0
ORD-3086,2026-09-17T00:00:00.000000000,Elektronik,Yogyakarta,3,350000,E-Wallet,4.0
ORD-3087,2026-09-07T00:00:00.000000000,Elektronik,Magelang,10,60000,Kartu Kredit,4.0
ORD-3088,2026-09-30T00:00:00.000000000,Elektronik,Kebumen,9,200000,COD,4.0
ORD-3089,2026-09-17T00:00:00.000000000,Makanan & Minuman,Yogyakarta,4,20000,E-Wallet,3.0
ORD-3090,2026-09-03T00:00:00.000000000,Olahraga,Kebumen,7,125000,E-Wallet,5.0
ORD-3091,2026-09-28T00:00:00.000000000,Rumah Tangga,Kebumen,5,20000,COD,5.0
ORD-3092,2026-09-11T00:00:00.000000000,Makanan & Minuman,Yogyakarta,5,20000,E-Wallet,
ORD-3093,2026-09-20T00:00:00.000000000,Kesehatan & Kecantikan,Purworejo,2,60000,Transfer Bank,
ORD-3094,2026-09-19T00:00:00.000000000,Olahraga,Semarang,6,60000,Transfer Bank,5.0
ORD-3095,2026-09-29T00:00:00.000000000,Fashion,Yogyakarta,11,60000,Transfer Bank,3.0
ORD-3096,2026-09-09T00:00:00.000000000,Rumah Tangga,Purworejo,7,90000,Transfer Bank,4.0
ORD-3097,2026-09-28T00:00:00.000000000,Rumah Tangga,Yogyakarta,9,200000,Transfer Bank,5.0
ORD-3098,2026-09-27T00:00:00.000000000,Fashion,Magelang,3,90000,COD,
ORD-3099,2026-09-04T00:00:00.000000000,Rumah Tangga,Kebumen,2,350000,COD,5.0
ORD-3100,2026-09-14T00:00:00.000000000,Kesehatan & Kecantikan,Yogyakarta,3,20000,COD,5.0
ORD-3101,2026-09-22T00:00:00.000000000,Rumah Tangga,Yogyakarta,11,125000,COD,4.0
ORD-3102,2026-09-30T00:00:00.000000000,Fashion,Solo,1,350000,Kartu Kredit,5.0
ORD-3103,2026-09-22T00:00:00.000000000,Elektronik,Kebumen,11,60000,Transfer Bank,
ORD-3104,2026-09-10T00:00:00.000000000,Fashion,Solo,5,60000,E-Wallet,4.0
ORD-3105,2026-09-13T00:00:00.000000000,Elektronik,Kebumen,10,200000,Kartu Kredit,5.0
ORD-3106,2026-09-05T00:00:00.000000000,Elektronik,Purworejo,8,20000,Kartu Kredit,3.0
ORD-3107,2026-09-02T00:00:00.000000000,Elektronik,Yogyakarta,7,125000,Transfer Bank,4.0
ORD-3108,2026-09-14T00:00:00.000000000,Kesehatan & Kecantikan,Purworejo,4,125000,E-Wallet,1.0
ORD-3109,2026-09-30T00:00:00.000000000,Rumah Tangga,Semarang,3,60000,Transfer Bank,
ORD-3110,2026-09-12T00:00:00.000000000,Kesehatan & Kecantikan,Semarang,2,125000,E-Wallet,5.0
ORD-3111,2026-09-12T00:00:00.000000000,Fashion,Solo,6,350000,E-Wallet,4.0
ORD-3112,2026-09-13T00:00:00.000000000,Makanan & Minuman,Solo,11,200000,Transfer Bank,5.0
ORD-3113,2026-09-05T00:00:00.000000000,Fashion,Semarang,9,350000,Transfer Bank,4.0
ORD-3114,2026-09-10T00:00:00.000000000,Kesehatan & Kecantikan,Solo,5,90000,Kartu Kredit,5.0
ORD-3115,2026-09-24T00:00:00.000000000,Kesehatan & Kecantikan,Kebumen,2,60000,Transfer Bank,5.0
ORD-3116,2026-09-23T00:00:00.000000000,Fashion,Solo,4,350000,Kartu Kredit,3.0
ORD-3117,2026-09-28T00:00:00.000000000,Kesehatan & Kecantikan,Kebumen,10,90000,COD,
ORD-3118,2026-09-28T00:00:00.000000000,Rumah Tangga,Kebumen,5,20000,COD,4.0
ORD-3119,2026-09-06T00:00:00.000000000,Makanan & Minuman,Semarang,8,60000,Kartu Kredit,
ORD-3120,2026-09-24T00:00:00.000000000,Elektronik,Semarang,6,125000,Transfer Bank,
ORD-3121,2026-09-11T00:00:00.000000000,Makanan & Minuman,Solo,8,350000,COD,4.0
ORD-3122,2026-09-28T00:00:00.000000000,Elektronik,Magelang,9,90000,E-Wallet,5.0
ORD-3123,2026-09-06T00:00:00.000000000,Rumah Tangga,Yogyakarta,4,90000,Kartu Kredit,5.0
ORD-3124,2026-09-01T00:00:00.000000000,Kesehatan & Kecantikan,Kebumen,10,45000,Kartu Kredit,4.0
ORD-3125,2026-09-04T00:00:00.000000000,Olahraga,Purworejo,5,125000,Transfer Bank,1.0
ORD-3126,2026-09-08T00:00:00.000000000,Elektronik,Kebumen,4,45000,Kartu Kredit,5.0
ORD-3127,2026-09-29T00:00:00.000000000,Makanan & Minuman,Kebumen,2,125000,COD,
ORD-3128,2026-09-14T00:00:00.000000000,Olahraga,Magelang,5,200000,COD,
ORD-3129,2026-09-28T00:00:00.000000000,Makanan & Minuman,Solo,2,20000,COD,3.0
ORD-3130,2026-09-10T00:00:00.000000000,Elektronik,Semarang,7,60000,Kartu Kredit,5.0
ORD-3131,2026-09-06T00:00:00.000000000,Elektronik,Semarang,6,45000,Transfer Bank,5.0
ORD-3132,2026-09-14T00:00:00.000000000,Makanan & Minuman,Yogyakarta,8,60000,Transfer Bank,5.0
ORD-3133,2026-09-08T00:00:00.000000000,Kesehatan & Kecantikan,Purworejo,2,125000,COD,4.0
ORD-3134,2026-09-24T00:00:00.000000000,Kesehatan & Kecantikan,Purworejo,11,20000,Transfer Bank,
ORD-3135,2026-09-25T00:00:00.000000000,Kesehatan & Kecantikan,Solo,7,90000,COD,5.0
ORD-3136,2026-09-25T00:00:00.000000000,Makanan & Minuman,Yogyakarta,7,200000,E-Wallet,4.0
ORD-3137,2026-09-17T00:00:00.000000000,Kesehatan & Kecantikan,Yogyakarta,5,60000,Transfer Bank,4.0
ORD-3138,2026-09-15T00:00:00.000000000,Kesehatan & Kecantikan,Purworejo,5,90000,COD,
ORD-3139,2026-09-03T00:00:00.000000000,Rumah Tangga,Solo,2,20000,Kartu Kredit,5.0
ORD-3140,2026-09-04T00:00:00.000000000,Elektronik,Purworejo,7,45000,Transfer Bank,
ORD-3141,2026-09-21T00:00:00.000000000,Rumah Tangga,Semarang,10,125000,Kartu Kredit,
ORD-3142,2026-09-01T00:00:00.000000000,Elektronik,Semarang,7,45000,COD,5.0
ORD-3143,2026-09-09T00:00:00.000000000,Kesehatan & Kecantikan,Magelang,10,45000,Transfer Bank,5.0
ORD-3144,2026-09-28T00:00:00.000000000,Elektronik,Magelang,9,45000,Kartu Kredit,5.0
ORD-3145,2026-09-01T00:00:00.000000000,Olahraga,Semarang,11,60000,Kartu Kredit,
ORD-3146,2026-09-15T00:00:00.000000000,Elektronik,Semarang,8,90000,COD,
ORD-3147,2026-09-10T00:00:00.000000000,Olahraga,Solo,9,20000,Transfer Bank,4.0
ORD-3148,2026-09-27T00:00:00.000000000,Olahraga,Purworejo,2,45000,E-Wallet,4.0
ORD-3149,2026-09-01T00:00:00.000000000,Olahraga,Purworejo,11,200000,Kartu Kredit,4.0
ORD-3150,2026-09-25T00:00:00.000000000,Makanan & Minuman,Solo,9,350000,Kartu Kredit,3.0
ORD-3151,2026-09-05T00:00:00.000000000,Makanan & Minuman,Solo,11,20000,E-Wallet,5.0
ORD-3152,2026-09-28T00:00:00.000000000,Makanan & Minuman,Purworejo,11,125000,E-Wallet,4.0
ORD-3153,2026-09-18T00:00:00.000000000,Rumah Tangga,Kebumen,2,200000,COD,4.0
ORD-3154,2026-09-14T00:00:00.000000000,Makanan & Minuman,Magelang,1,125000,Transfer Bank,
ORD-3155,2026-09-17T00:00:00.000000000,Makanan & Minuman,Yogyakarta,3,20000,COD,4.0
ORD-3156,2026-09-24T00:00:00.000000000,Rumah Tangga,Yogyakarta,7,20000,Kartu Kredit,4.0
ORD-3157,2026-09-26T00:00:00.000000000,Fashion,Kebumen,7,350000,Transfer Bank,5.0
ORD-3158,2026-09-19T00:00:00.000000000,Fashion,Solo,11,200000,COD,4.0
ORD-3159,2026-09-11T00:00:00.000000000,Kesehatan & Kecantikan,Yogyakarta,9,45000,Transfer Bank,5.0
ORD-3160,2026-09-27T00:00:00.000000000,Elektronik,Yogyakarta,1,60000,COD,5.0
ORD-3161,2026-09-24T00:00:00.000000000,Makanan & Minuman,Yogyakarta,11,90000,E-Wallet,5.0
ORD-3162,2026-09-23T00:00:00.000000000,Rumah Tangga,Yogyakarta,10,45000,E-Wallet,3.0
ORD-3163,2026-09-11T00:00:00.000000000,Elektronik,Solo,11,20000,Transfer Bank,5.0
ORD-3164,2026-09-13T00:00:00.000000000,Rumah Tangga,Solo,3,350000,E-Wallet,5.0
ORD-3165,2026-09-02T00:00:00.000000000,Elektronik,Solo,3,350000,Transfer Bank,
ORD-3166,2026-09-21T00:00:00.000000000,Olahraga,Yogyakarta,11,45000,Kartu Kredit,
ORD-3167,2026-09-19T00:00:00.000000000,Makanan & Minuman,Purworejo,5,60000,E-Wallet,5.0
ORD-3168,2026-09-07T00:00:00.000000000,Kesehatan & Kecantikan,Yogyakarta,10,60000,Kartu Kredit,5.0
ORD-3169,2026-09-25T00:00:00.000000000,Kesehatan & Kecantikan,Magelang,5,45000,COD,3.0
ORD-3170,2026-09-19T00:00:00.000000000,Rumah Tangga,Kebumen,3,350000,COD,3.0
ORD-3171,2026-09-14T00:00:00.000000000,Rumah Tangga,Solo,1,90000,E-Wallet,5.0
ORD-3172,2026-09-28T00:00:00.000000000,Makanan & Minuman,Yogyakarta,6,90000,E-Wallet,4.0
ORD-3173,2026-09-30T00:00:00.000000000,Rumah Tangga,Purworejo,11,60000,COD,5.0
ORD-3174,2026-09-03T00:00:00.000000000,Olahraga,Semarang,8,45000,Transfer Bank,1.0
ORD-3175,2026-09-08T00:00:00.000000000,Elektronik,Solo,8,125000,COD,5.0
ORD-3176,2026-09-03T00:00:00.000000000,Olahraga,Kebumen,10,200000,E-Wallet,5.0
ORD-3177,2026-09-04T00:00:00.000000000,Kesehatan & Kecantikan,Magelang,4,60000,E-Wallet,
ORD-3178,2026-09-16T00:00:00.000000000,Olahraga,Semarang,6,20000,COD,5.0
ORD-3179,2026-09-30T00:00:00.000000000,Kesehatan & Kecantikan,Solo,6,125000,E-Wallet,4.0
ORD-3180,2026-09-11T00:00:00.000000000,Kesehatan & Kecantikan,Magelang,2,200000,COD,3.0
ORD-3181,2026-09-03T00:00:00.000000000,Olahraga,Yogyakarta,4,20000,Transfer Bank,5.0
ORD-3182,2026-09-27T00:00:00.000000000,Olahraga,Yogyakarta,8,60000,COD,4.0
ORD-3183,2026-09-07T00:00:00.000000000,Makanan & Minuman,Semarang,8,125000,E-Wallet,
ORD-3184,2026-09-02T00:00:00.000000000,Makanan & Minuman,Purworejo,4,20000,Kartu Kredit,
ORD-3185,2026-09-12T00:00:00.000000000,Elektronik,Semarang,1,45000,Transfer Bank,5.0
ORD-3186,2026-09-07T00:00:00.000000000,Makanan & Minuman,Semarang,8,350000,COD,4.0
ORD-3187,2026-09-16T00:00:00.000000000,Rumah Tangga,Purworejo,8,350000,E-Wallet,5.0
ORD-3188,2026-09-04T00:00:00.000000000,Kesehatan & Kecantikan,Magelang,10,200000,Transfer Bank,
ORD-3189,2026-09-12T00:00:00.000000000,Olahraga,Purworejo,1,125000,Transfer Bank,4.0
ORD-3190,2026-09-27T00:00:00.000000000,Kesehatan & Kecantikan,Kebumen,2,125000,Transfer Bank,4.0
ORD-3191,2026-09-29T00:00:00.000000000,Kesehatan & Kecantikan,Purworejo,10,90000,E-Wallet,4.0
ORD-3192,2026-09-07T00:00:00.000000000,Elektronik,Yogyakarta,8,60000,E-Wallet,5.0
ORD-3193,2026-09-08T00:00:00.000000000,Olahraga,Magelang,6,125000,COD,5.0
ORD-3194,2026-09-21T00:00:00.000000000,Makanan & Minuman,Purworejo,7,90000,COD,4.0
ORD-3195,2026-09-21T00:00:00.000000000,Elektronik,Semarang,11,60000,Transfer Bank,4.0
ORD-3196,2026-09-10T00:00:00.000000000,Fashion,Magelang,6,125000,Transfer Bank,
ORD-3197,2026-09-26T00:00:00.000000000,Elektronik,Purworejo,6,200000,Kartu Kredit,2.0
ORD-3198,2026-09-03T00:00:00.000000000,Kesehatan & Kecantikan,Solo,10,60000,Transfer Bank,5.0
ORD-3199,2026-09-08T00:00:00.000000000,Fashion,Semarang,7,20000,E-Wallet,5.0
ORD-3200,2026-09-28T00:00:00.000000000,Rumah Tangga,Purworejo,4,350000,E-Wallet,4.0
ORD-3201,2026-09-26T00:00:00.000000000,Elektronik,Yogyakarta,1,350000,COD,5.0
ORD-3202,2026-09-22T00:00:00.000000000,Kesehatan & Kecantikan,Kebumen,9,20000,COD,3.0
ORD-3203,2026-09-06T00:00:00.000000000,Kesehatan & Kecantikan,Yogyakarta,1,20000,COD,4.0
ORD-3204,2026-09-02T00:00:00.000000000,Makanan & Minuman,Magelang,2,60000,COD,4.0
ORD-3205,2026-09-22T00:00:00.000000000,Kesehatan & Kecantikan,Purworejo,4,350000,Transfer Bank,
ORD-3206,2026-09-17T00:00:00.000000000,Fashion,Semarang,7,60000,Transfer Bank,4.0
ORD-3207,2026-09-03T00:00:00.000000000,Elektronik,Purworejo,1,90000,Transfer Bank,5.0
ORD-3208,2026-09-08T00:00:00.000000000,Rumah Tangga,Magelang,6,60000,COD,5.0
ORD-3209,2026-09-29T00:00:00.000000000,Rumah Tangga,Purworejo,10,200000,Kartu Kredit,4.0
ORD-3210,2026-09-01T00:00:00.000000000,Makanan & Minuman,Magelang,8,350000,Kartu Kredit,4.0
ORD-3211,2026-09-07T00:00:00.000000000,Kesehatan & Kecantikan,Yogyakarta,5,90000,E-Wallet,4.0
ORD-3212,2026-09-24T00:00:00.000000000,Kesehatan & Kecantikan,Purworejo,1,350000,COD,
ORD-3213,2026-09-19T00:00:00.000000000,Elektronik,Magelang,7,90000,E-Wallet,
ORD-3214,2026-09-09T00:00:00.000000000,Fashion,Purworejo,8,200000,Transfer Bank,4.0
ORD-3215,2026-09-23T00:00:00.000000000,Kesehatan & Kecantikan,Solo,5,125000,COD,5.0
ORD-3216,2026-09-28T00:00:00.000000000,Olahraga,Purworejo,7,45000,COD,4.0
ORD-3217,2026-09-05T00:00:00.000000000,Elektronik,Magelang,10,125000,Transfer Bank,5.0
ORD-3218,2026-09-19T00:00:00.000000000,Elektronik,Solo,5,125000,Kartu Kredit,
ORD-3219,2026-09-22T00:00:00.000000000,Kesehatan & Kecantikan,Solo,6,20000,E-Wallet,4.0
ORD-3220,2026-09-14T00:00:00.000000000,Olahraga,Solo,1,45000,COD,5.0
ORD-3221,2026-09-16T00:00:00.000000000,Elektronik,Kebumen,6,350000,COD,4.0
ORD-3222,2026-09-01T00:00:00.000000000,Rumah Tangga,Yogyakarta,4,60000,E-Wallet,4.0
ORD-3223,2026-09-02T00:00:00.000000000,Olahraga,Solo,8,45000,E-Wallet,4.0
ORD-3224,2026-09-24T00:00:00.000000000,Olahraga,Purworejo,10,125000,COD,3.0
ORD-3225,2026-09-17T00:00:00.000000000,Elektronik,Magelang,10,125000,Transfer Bank,
ORD-3226,2026-09-22T00:00:00.000000000,Rumah Tangga,Magelang,9,125000,Kartu Kredit,3.0
ORD-3227,2026-09-12T00:00:00.000000000,Fashion,Yogyakarta,1,125000,Kartu Kredit,5.0
ORD-3228,2026-09-04T00:00:00.000000000,Rumah Tangga,Kebumen,5,20000,COD,
ORD-3229,2026-09-22T00:00:00.000000000,Kesehatan & Kecantikan,Yogyakarta,6,60000,COD,5.0
ORD-3230,2026-09-26T00:00:00.000000000,Fashion,Purworejo,1,200000,E-Wallet,3.0
ORD-3231,2026-09-25T00:00:00.000000000,Kesehatan & Kecantikan,Solo,10,350000,COD,
ORD-3232,2026-09-20T00:00:00.000000000,Rumah Tangga,Magelang,6,200000,Transfer Bank,4.0
ORD-3233,2026-09-02T00:00:00.000000000,Rumah Tangga,Purworejo,6,20000,Transfer Bank,4.0
ORD-3234,2026-09-11T00:00:00.000000000,Olahraga,Yogyakarta,5,125000,COD,4.0
ORD-3235,2026-09-15T00:00:00.000000000,Elektronik,Magelang,6,200000,COD,4.0
ORD-3236,2026-09-30T00:00:00.000000000,Olahraga,Purworejo,7,45000,COD,5.0
ORD-3237,2026-09-06T00:00:00.000000000,Rumah Tangga,Magelang,8,20000,Kartu Kredit,4.0
ORD-3238,2026-09-30T00:00:00.000000000,Fashion,Kebumen,2,90000,Kartu Kredit,5.0
ORD-3239,2026-09-11T00:00:00.000000000,Makanan & Minuman,Yogyakarta,10,200000,Kartu Kredit,5.0
ORD-3240,2026-09-17T00:00:00.000000000,Makanan & Minuman,Magelang,11,200000,E-Wallet,3.0
ORD-3241,2026-09-17T00:00:00.000000000,Rumah Tangga,Semarang,1,125000,Kartu Kredit,4.0
ORD-3242,2026-09-24T00:00:00.000000000,Makanan & Minuman,Magelang,6,125000,COD,
ORD-3243,2026-09-24T00:00:00.000000000,Kesehatan & Kecantikan,Solo,5,125000,Transfer Bank,4.0
ORD-3244,2026-09-01T00:00:00.000000000,Kesehatan & Kecantikan,Magelang,5,45000,COD,4.0
ORD-3245,2026-09-08T00:00:00.000000000,Kesehatan & Kecantikan,Yogyakarta,6,20000,COD,
ORD-3246,2026-09-24T00:00:00.000000000,Olahraga,Magelang,6,125000,Kartu Kredit,4.0
ORD-3247,2026-09-05T00:00:00.000000000,Makanan & Minuman,Magelang,8,60000,COD,5.0
ORD-3248,2026-09-16T00:00:00.000000000,Elektronik,Yogyakarta,1,350000,Kartu Kredit,5.0
ORD-3249,2026-09-17T00:00:00.000000000,Makanan & Minuman,Yogyakarta,8,45000,Transfer Bank,3.0
ORD-3250,2026-09-10T00:00:00.000000000,Elektronik,Kebumen,4,45000,COD,5.0
ORD-3251,2026-09-26T00:00:00.000000000,Kesehatan & Kecantikan,Magelang,11,125000,COD,
ORD-3252,2026-09-15T00:00:00.000000000,Olahraga,Purworejo,10,20000,Transfer Bank,4.0
ORD-3253,2026-09-25T00:00:00.000000000,Rumah Tangga,Yogyakarta,4,20000,E-Wallet,4.0
ORD-3254,2026-09-19T00:00:00.000000000,Rumah Tangga,Magelang,10,60000,COD,5.0
ORD-3255,2026-09-01T00:00:00.000000000,Elektronik,Magelang,3,60000,Kartu Kredit,2.0
ORD-3256,2026-09-27T00:00:00.000000000,Olahraga,Solo,5,125000,E-Wallet,4.0
ORD-3257,2026-09-10T00:00:00.000000000,Elektronik,Kebumen,11,200000,E-Wallet,
ORD-3258,2026-09-15T00:00:00.000000000,Olahraga,Yogyakarta,4,200000,Transfer Bank,5.0
ORD-3259,2026-09-02T00:00:00.000000000,Rumah Tangga,Solo,10,125000,Transfer Bank,
ORD-3260,2026-09-13T00:00:00.000000000,Rumah Tangga,Kebumen,6,45000,E-Wallet,4.0
ORD-3261,2026-09-25T00:00:00.000000000,Olahraga,Solo,11,350000,Transfer Bank,4.0
ORD-3262,2026-09-25T00:00:00.000000000,Rumah Tangga,Kebumen,6,60000,Kartu Kredit,4.0
ORD-3263,2026-09-24T00:00:00.000000000,Kesehatan & Kecantikan,Semarang,8,350000,Transfer Bank,3.0
ORD-3264,2026-09-08T00:00:00.000000000,Elektronik,Solo,3,60000,Transfer Bank,4.0
ORD-3265,2026-09-06T00:00:00.000000000,Kesehatan & Kecantikan,Magelang,9,200000,Kartu Kredit,2.0
ORD-3266,2026-09-19T00:00:00.000000000,Kesehatan & Kecantikan,Yogyakarta,5,45000,E-Wallet,3.0
ORD-3267,2026-09-03T00:00:00.000000000,Kesehatan & Kecantikan,Kebumen,11,200000,E-Wallet,4.0
ORD-3268,2026-09-20T00:00:00.000000000,Elektronik,Yogyakarta,3,200000,E-Wallet,4.0
ORD-3269,2026-09-17T00:00:00.000000000,Makanan & Minuman,Yogyakarta,3,45000,Transfer Bank,3.0
ORD-3270,2026-09-23T00:00:00.000000000,Fashion,Purworejo,8,20000,E-Wallet,4.0
ORD-3271,2026-09-30T00:00:00.000000000,Olahraga,Magelang,7,90000,E-Wallet,4.0
ORD-3272,2026-09-03T00:00:00.000000000,Kesehatan & Kecantikan,Semarang,4,60000,E-Wallet,4.0
ORD-3273,2026-09-19T00:00:00.000000000,Kesehatan & Kecantikan,Yogyakarta,11,45000,Kartu Kredit,2.0
ORD-3274,2026-09-06T00:00:00.000000000,Makanan & Minuman,Semarang,7,20000,COD,4.0
ORD-3275,2026-09-02T00:00:00.000000000,Elektronik,Kebumen,6,350000,COD,5.0
ORD-3276,2026-09-15T00:00:00.000000000,Makanan & Minuman,Semarang,4,350000,E-Wallet,4.0
ORD-3277,2026-09-06T00:00:00.000000000,Elektronik,Solo,8,90000,COD,5.0
ORD-3278,2026-09-29T00:00:00.000000000,Olahraga,Purworejo,10,350000,Transfer Bank,5.0
ORD-3279,2026-09-07T00:00:00.000000000,Kesehatan & Kecantikan,Kebumen,8,20000,E-Wallet,
ORD-3280,2026-09-06T00:00:00.000000000,Fashion,Yogyakarta,1,200000,COD,3.0
ORD-3281,2026-09-05T00:00:00.000000000,Elektronik,Semarang,3,350000,E-Wallet,5.0
ORD-3282,2026-09-04T00:00:00.000000000,Olahraga,Semarang,9,200000,Kartu Kredit,
ORD-3283,2026-09-27T00:00:00.000000000,Kesehatan & Kecantikan,Kebumen,6,60000,E-Wallet,3.0
ORD-3284,2026-09-02T00:00:00.000000000,Elektronik,Purworejo,2,60000,Transfer Bank,
ORD-3285,2026-09-26T00:00:00.000000000,Olahraga,Magelang,3,60000,E-Wallet,4.0
ORD-3286,2026-09-05T00:00:00.000000000,Kesehatan & Kecantikan,Solo,7,60000,Transfer Bank,3.0
ORD-3287,2026-09-11T00:00:00.000000000,Fashion,Purworejo,10,200000,COD,4.0
ORD-3288,2026-09-14T00:00:00.000000000,Makanan & Minuman,Semarang,11,45000,Transfer Bank,
ORD-3289,2026-09-30T00:00:00.000000000,Elektronik,Semarang,1,200000,COD,4.0
ORD-3290,2026-09-13T00:00:00.000000000,Kesehatan & Kecantikan,Kebumen,2,60000,Kartu Kredit,5.0
ORD-3291,2026-09-25T00:00:00.000000000,Kesehatan & Kecantikan,Purworejo,3,200000,Kartu Kredit,4.0
ORD-3292,2026-09-09T00:00:00.000000000,Rumah Tangga,Semarang,3,350000,COD,4.0
ORD-3293,2026-09-15T00:00:00.000000000,Olahraga,Solo,8,60000,E-Wallet,2.0
ORD-3294,2026-09-29T00:00:00.000000000,Olahraga,Yogyakarta,9,200000,E-Wallet,
ORD-3295,2026-09-15T00:00:00.000000000,Kesehatan & Kecantikan,Yogyakarta,2,125000,E-Wallet,5.0
ORD-3296,2026-09-20T00:00:00.000000000,Fashion,Kebumen,7,125000,Transfer Bank,4.0
ORD-3297,2026-09-14T00:00:00.000000000,Kesehatan & Kecantikan,Purworejo,4,60000,E-Wallet,4.0
ORD-3298,2026-09-16T00:00:00.000000000,Rumah Tangga,Yogyakarta,8,200000,COD,5.0
ORD-3299,2026-09-22T00:00:00.000000000,Olahraga,Semarang,10,200000,Kartu Kredit,
ORD-3300,2026-09-11T00:00:00.000000000,Olahraga,Solo,3,45000,COD,
ORD-3301,2026-09-12T00:00:00.000000000,Kesehatan & Kecantikan,Semarang,5,20000,Transfer Bank,4.0
ORD-3302,2026-09-22T00:00:00.000000000,Fashion,Magelang,8,90000,E-Wallet,4.0
ORD-3303,2026-09-07T00:00:00.000000000,Rumah Tangga,Yogyakarta,7,125000,E-Wallet,
ORD-3304,2026-09-08T00:00:00.000000000,Makanan & Minuman,Yogyakarta,5,45000,E-Wallet,4.0
ORD-3305,2026-09-26T00:00:00.000000000,Kesehatan & Kecantikan,Kebumen,10,200000,Transfer Bank,4.0
ORD-3306,2026-09-07T00:00:00.000000000,Makanan & Minuman,Kebumen,10,350000,Transfer Bank,5.0
ORD-3307,2026-09-28T00:00:00.000000000,Fashion,Semarang,3,200000,Transfer Bank,5.0
ORD-3308,2026-09-02T00:00:00.000000000,Olahraga,Yogyakarta,9,20000,COD,4.0
ORD-3309,2026-09-09T00:00:00.000000000,Elektronik,Yogyakarta,7,45000,E-Wallet,4.0
ORD-3310,2026-09-09T00:00:00.000000000,Olahraga,Solo,6,90000,E-Wallet,5.0
ORD-3311,2026-09-05T00:00:00.000000000,Fashion,Kebumen,9,90000,Kartu Kredit,4.0
ORD-3312,2026-09-03T00:00:00.000000000,Makanan & Minuman,Kebumen,10,125000,Transfer Bank,4.0
ORD-3313,2026-09-03T00:00:00.000000000,Rumah Tangga,Semarang,10,350000,COD,5.0
ORD-3314,2026-09-07T00:00:00.000000000,Rumah Tangga,Kebumen,10,45000,Kartu Kredit,3.0
ORD-3315,2026-09-02T00:00:00.000000000,Fashion,Yogyakarta,1,90000,E-Wallet,
ORD-3316,2026-09-17T00:00:00.000000000,Fashion,Purworejo,11,350000,COD,
ORD-3317,2026-09-07T00:00:00.000000000,Rumah Tangga,Solo,3,125000,COD,5.0
ORD-3318,2026-09-01T00:00:00.000000000,Rumah Tangga,Purworejo,4,90000,Kartu Kredit,5.0
ORD-3319,2026-09-22T00:00:00.000000000,Fashion,Semarang,8,60000,Transfer Bank,5.0
ORD-3320,2026-09-28T00:00:00.000000000,Makanan & Minuman,Purworejo,9,200000,Transfer Bank,5.0
ORD-3321,2026-09-13T00:00:00.000000000,Elektronik,Kebumen,10,90000,E-Wallet,3.0
ORD-3322,2026-09-02T00:00:00.000000000,Fashion,Yogyakarta,1,90000,Transfer Bank,4.0
ORD-3323,2026-09-04T00:00:00.000000000,Fashion,Solo,5,125000,Kartu Kredit,
ORD-3324,2026-09-06T00:00:00.000000000,Elektronik,Magelang,2,200000,Transfer Bank,2.0
ORD-3325,2026-09-10T00:00:00.000000000,Kesehatan & Kecantikan,Yogyakarta,9,45000,COD,4.0
ORD-3326,2026-09-21T00:00:00.000000000,Elektronik,Solo,7,90000,Transfer Bank,5.0
ORD-3327,2026-09-27T00:00:00.000000000,Rumah Tangga,Semarang,6,90000,E-Wallet,
ORD-3328,2026-09-02T00:00:00.000000000,Olahraga,Magelang,9,20000,E-Wallet,5.0
ORD-3329,2026-09-27T00:00:00.000000000,Fashion,Yogyakarta,2,60000,Kartu Kredit,3.0
ORD-3330,2026-09-24T00:00:00.000000000,Makanan & Minuman,Purworejo,11,20000,COD,5.0
ORD-3331,2026-09-24T00:00:00.000000000,Olahraga,Kebumen,11,125000,COD,4.0
ORD-3332,2026-09-18T00:00:00.000000000,Kesehatan & Kecantikan,Magelang,11,200000,E-Wallet,5.0
ORD-3333,2026-09-21T00:00:00.000000000,Olahraga,Solo,6,200000,COD,4.0
ORD-3334,2026-09-25T00:00:00.000000000,Fashion,Magelang,1,90000,Transfer Bank,3.0
ORD-3335,2026-09-09T00:00:00.000000000,Olahraga,Kebumen,2,350000,Kartu Kredit,
ORD-3336,2026-09-14T00:00:00.000000000,Olahraga,Semarang,4,125000,Transfer Bank,5.0
ORD-3337,2026-09-11T00:00:00.000000000,Kesehatan & Kecantikan,Kebumen,4,90000,E-Wallet,5.0
ORD-3338,2026-09-13T00:00:00.000000000,Elektronik,Purworejo,2,45000,Kartu Kredit,5.0
ORD-3339,2026-09-14T00:00:00.000000000,Elektronik,Kebumen,8,90000,Kartu Kredit,4.0
ORD-3340,2026-09-27T00:00:00.000000000,Kesehatan & Kecantikan,Magelang,11,60000,Kartu Kredit,1.0
ORD-3341,2026-09-07T00:00:00.000000000,Elektronik,Kebumen,3,90000,E-Wallet,1.0
ORD-3342,2026-09-13T00:00:00.000000000,Kesehatan & Kecantikan,Magelang,11,45000,E-Wallet,5.0
ORD-3343,2026-09-10T00:00:00.000000000,Makanan & Minuman,Kebumen,3,200000,Kartu Kredit,4.0
ORD-3344,2026-09-15T00:00:00.000000000,Fashion,Semarang,1,90000,COD,
ORD-3345,2026-09-14T00:00:00.000000000,Elektronik,Yogyakarta,9,350000,Transfer Bank,5.0
ORD-3346,2026-09-01T00:00:00.000000000,Makanan & Minuman,Magelang,6,125000,COD,4.0
ORD-3347,2026-09-28T00:00:00.000000000,Makanan & Minuman,Solo,4,60000,Kartu Kredit,3.0
ORD-3348,2026-09-18T00:00:00.000000000,Elektronik,Yogyakarta,2,350000,Transfer Bank,5.0
ORD-3349,2026-09-23T00:00:00.000000000,Kesehatan & Kecantikan,Yogyakarta,6,350000,Transfer Bank,4.0
ORD-3350,2026-09-13T00:00:00.000000000,Kesehatan & Kecantikan,Yogyakarta,6,200000,COD,4.0
ORD-3351,2026-09-17T00:00:00.000000000,Elektronik,Semarang,4,200000,Transfer Bank,4.0
ORD-3352,2026-09-15T00:00:00.000000000,Elektronik,Solo,10,60000,COD,
ORD-3353,2026-09-12T00:00:00.000000000,Elektronik,Semarang,10,125000,Transfer Bank,4.0
ORD-3354,2026-09-27T00:00:00.000000000,Kesehatan & Kecantikan,Purworejo,10,45000,COD,5.0
ORD-3355,2026-09-04T00:00:00.000000000,Elektronik,Semarang,6,350000,Kartu Kredit,
ORD-3356,2026-09-23T00:00:00.000000000,Olahraga,Kebumen,10,20000,COD,4.0
ORD-3357,2026-09-09T00:00:00.000000000,Olahraga,Purworejo,2,20000,Transfer Bank,
ORD-3358,2026-09-05T00:00:00.000000000,Makanan & Minuman,Magelang,10,45000,COD,4.0
ORD-3359,2026-09-13T00:00:00.000000000,Olahraga,Kebumen,8,200000,COD,
ORD-3360,2026-09-28T00:00:00.000000000,Rumah Tangga,Yogyakarta,9,350000,E-Wallet,5.0
ORD-3361,2026-09-06T00:00:00.000000000,Makanan & Minuman,Purworejo,5,45000,Transfer Bank,5.0
ORD-3362,2026-09-10T00:00:00.000000000,Kesehatan & Kecantikan,Purworejo,8,90000,Transfer Bank,5.0
ORD-3363,2026-09-29T00:00:00.000000000,Kesehatan & Kecantikan,Semarang,5,90000,Transfer Bank,5.0
ORD-3364,2026-09-06T00:00:00.000000000,Rumah Tangga,Solo,2,125000,Transfer Bank,5.0
ORD-3365,2026-09-07T00:00:00.000000000,Olahraga,Solo,9,90000,E-Wallet,4.0
ORD-3366,2026-09-19T00:00:00.000000000,Kesehatan & Kecantikan,Purworejo,11,350000,Kartu Kredit,5.0
ORD-3367,2026-09-08T00:00:00.000000000,Fashion,Yogyakarta,5,45000,E-Wallet,
ORD-3368,2026-09-22T00:00:00.000000000,Rumah Tangga,Yogyakarta,7,60000,COD,2.0
ORD-3369,2026-09-07T00:00:00.000000000,Makanan & Minuman,Purworejo,8,125000,Transfer Bank,4.0
ORD-3370,2026-09-22T00:00:00.000000000,Makanan & Minuman,Purworejo,3,200000,Kartu Kredit,4.0
ORD-3371,2026-09-12T00:00:00.000000000,Rumah Tangga,Kebumen,5,60000,E-Wallet,4.0
ORD-3372,2026-09-25T00:00:00.000000000,Fashion,Kebumen,4,45000,E-Wallet,5.0
ORD-3373,2026-09-20T00:00:00.000000000,Elektronik,Magelang,6,350000,Transfer Bank,1.0
ORD-3374,2026-09-14T00:00:00.000000000,Rumah Tangga,Kebumen,11,350000,Transfer Bank,
ORD-3375,2026-09-28T00:00:00.000000000,Rumah Tangga,Semarang,10,20000,E-Wallet,
ORD-3376,2026-09-19T00:00:00.000000000,Olahraga,Kebumen,3,90000,E-Wallet,5.0
ORD-3377,2026-09-08T00:00:00.000000000,Olahraga,Solo,4,90000,COD,4.0
ORD-3378,2026-09-11T00:00:00.000000000,Rumah Tangga,Yogyakarta,7,350000,Transfer Bank,4.0
ORD-3379,2026-09-11T00:00:00.000000000,Fashion,Semarang,7,45000,COD,2.0
ORD-3380,2026-09-13T00:00:00.000000000,Makanan & Minuman,Solo,2,90000,COD,4.0
ORD-3381,2026-09-02T00:00:00.000000000,Makanan & Minuman,Solo,6,125000,COD,5.0
ORD-3382,2026-09-01T00:00:00.000000000,Olahraga,Semarang,3,125000,Transfer Bank,5.0
ORD-3383,2026-09-23T00:00:00.000000000,Olahraga,Magelang,11,200000,Kartu Kredit,4.0
ORD-3384,2026-09-28T00:00:00.000000000,Elektronik,Solo,5,45000,E-Wallet,
ORD-3385,2026-09-04T00:00:00.000000000,Rumah Tangga,Purworejo,11,350000,Transfer Bank,4.0
ORD-3386,2026-09-04T00:00:00.000000000,Rumah Tangga,Solo,1,90000,Kartu Kredit,
ORD-3387,2026-09-23T00:00:00.000000000,Fashion,Kebumen,6,125000,Transfer Bank,4.0
ORD-3388,2026-09-02T00:00:00.000000000,Elektronik,Solo,2,60000,Kartu Kredit,
ORD-3389,2026-09-17T00:00:00.000000000,Olahraga,Yogyakarta,6,60000,E-Wallet,5.0
ORD-3390,2026-09-26T00:00:00.000000000,Olahraga,Solo,7,45000,E-Wallet,
ORD-3391,2026-09-03T00:00:00.000000000,Fashion,Purworejo,6,45000,Transfer Bank,5.0
ORD-3392,2026-09-05T00:00:00.000000000,Kesehatan & Kecantikan,Semarang,9,200000,COD,2.0
ORD-3393,2026-09-05T00:00:00.000000000,Rumah Tangga,Solo,5,60000,COD,4.0
ORD-3394,2026-09-14T00:00:00.000000000,Fashion,Yogyakarta,9,350000,Transfer Bank,1.0
ORD-3395,2026-09-20T00:00:00.000000000,Elektronik,Purworejo,1,200000,E-Wallet,4.0
ORD-3396,2026-09-04T00:00:00.000000000,Olahraga,Solo,11,90000,Kartu Kredit,4.0
ORD-3397,2026-09-13T00:00:00.000000000,Rumah Tangga,Semarang,11,20000,Transfer Bank,4.0
ORD-3398,2026-09-13T00:00:00.000000000,Makanan & Minuman,Magelang,3,200000,Kartu Kredit,5.0
ORD-3399,2026-09-24T00:00:00.000000000,Fashion,Solo,9,350000,COD,
ORD-3400,2026-09-12T00:00:00.000000000,Fashion,Kebumen,1,125000,E-Wallet,
ORD-3401,2026-09-08T00:00:00.000000000,Olahraga,Kebumen,1,200000,Transfer Bank,
ORD-3402,2026-09-16T00:00:00.000000000,Elektronik,Solo,6,90000,Transfer Bank,3.0
ORD-3403,2026-09-30T00:00:00.000000000,Rumah Tangga,Kebumen,1,45000,COD,5.0
ORD-3404,2026-09-13T00:00:00.000000000,Fashion,Kebumen,7,350000,E-Wallet,5.0
ORD-3405,2026-09-07T00:00:00.000000000,Olahraga,Solo,9,125000,Transfer Bank,5.0
ORD-3406,2026-09-02T00:00:00.000000000,Kesehatan & Kecantikan,Magelang,5,125000,COD,
ORD-3407,2026-09-01T00:00:00.000000000,Makanan & Minuman,Magelang,7,200000,COD,3.0
ORD-3408,2026-09-06T00:00:00.000000000,Olahraga,Kebumen,9,60000,Kartu Kredit,4.0
ORD-3409,2026-09-04T00:00:00.000000000,Kesehatan & Kecantikan,Yogyakarta,5,20000,COD,4.0
ORD-3410,2026-09-05T00:00:00.000000000,Fashion,Semarang,10,60000,Transfer Bank,4.0
ORD-3411,2026-09-24T00:00:00.000000000,Fashion,Magelang,8,200000,Transfer Bank,5.0
ORD-3412,2026-09-26T00:00:00.000000000,Makanan & Minuman,Kebumen,1,90000,E-Wallet,4.0
ORD-3413,2026-09-21T00:00:00.000000000,Rumah Tangga,Semarang,1,45000,Transfer Bank,5.0
ORD-3414,2026-09-17T00:00:00.000000000,Kesehatan & Kecantikan,Purworejo,11,350000,E-Wallet,5.0
ORD-3415,2026-09-11T00:00:00.000000000,Rumah Tangga,Magelang,11,60000,COD,
ORD-3416,2026-09-09T00:00:00.000000000,Rumah Tangga,Yogyakarta,1,20000,COD,4.0
ORD-3417,2026-09-21T00:00:00.000000000,Makanan & Minuman,Yogyakarta,9,45000,COD,4.0
ORD-3418,2026-09-07T00:00:00.000000000,Olahraga,Solo,1,200000,E-Wallet,5.0
ORD-3419,2026-09-25T00:00:00.000000000,Fashion,Yogyakarta,2,90000,COD,5.0
ORD-3420,2026-09-21T00:00:00.000000000,Makanan & Minuman,Purworejo,2,45000,E-Wallet,
ORD-3421,2026-09-28T00:00:00.000000000,Olahraga,Yogyakarta,3,60000,Transfer Bank,4.0
ORD-3422,2026-09-28T00:00:00.000000000,Olahraga,Purworejo,1,90000,COD,4.0
ORD-3423,2026-09-28T00:00:00.000000000,Fashion,Solo,9,20000,Kartu Kredit,4.0
ORD-3424,2026-09-20T00:00:00.000000000,Olahraga,Solo,5,20000,COD,1.0
ORD-3425,2026-09-07T00:00:00.000000000,Elektronik,Kebumen,3,60000,COD,4.0
ORD-3426,2026-09-03T00:00:00.000000000,Elektronik,Magelang,9,20000,E-Wallet,4.0
ORD-3427,2026-09-08T00:00:00.000000000,Kesehatan & Kecantikan,Magelang,11,200000,Transfer Bank,
ORD-3428,2026-09-29T00:00:00.000000000,Fashion,Semarang,8,45000,E-Wallet,1.0
ORD-3429,2026-09-29T00:00:00.000000000,Elektronik,Magelang,4,90000,Transfer Bank,5.0
ORD-3430,2026-09-25T00:00:00.000000000,Rumah Tangga,Purworejo,9,20000,Transfer Bank,5.0
ORD-3431,2026-09-02T00:00:00.000000000,Fashion,Yogyakarta,4,45000,Kartu Kredit,5.0
ORD-3432,2026-09-10T00:00:00.000000000,Makanan & Minuman,Yogyakarta,5,20000,Kartu Kredit,3.0
ORD-3433,2026-09-16T00:00:00.000000000,Fashion,Solo,5,45000,Kartu Kredit,3.0
ORD-3434,2026-09-12T00:00:00.000000000,Rumah Tangga,Purworejo,5,45000,Kartu Kredit,
ORD-3435,2026-09-25T00:00:00.000000000,Makanan & Minuman,Yogyakarta,5,90000,COD,
ORD-3436,2026-09-27T00:00:00.000000000,Fashion,Yogyakarta,4,200000,COD,4.0
ORD-3437,2026-09-28T00:00:00.000000000,Kesehatan & Kecantikan,Semarang,3,125000,COD,5.0
ORD-3438,2026-09-16T00:00:00.000000000,Makanan & Minuman,Semarang,1,20000,Transfer Bank,3.0
ORD-3439,2026-09-05T00:00:00.000000000,Kesehatan & Kecantikan,Kebumen,5,200000,E-Wallet,5.0
ORD-3440,2026-09-24T00:00:00.000000000,Makanan & Minuman,Purworejo,7,90000,Transfer Bank,
ORD-3441,2026-09-12T00:00:00.000000000,Kesehatan & Kecantikan,Semarang,6,45000,E-Wallet,
ORD-3442,2026-09-05T00:00:00.000000000,Fashion,Solo,10,45000,E-Wallet,4.0
ORD-3443,2026-09-16T00:00:00.000000000,Makanan & Minuman,Kebumen,1,350000,Kartu Kredit,5.0
ORD-3444,2026-09-06T00:00:00.000000000,Fashion,Semarang,2,20000,Kartu Kredit,3.0
ORD-3445,2026-09-21T00:00:00.000000000,Elektronik,Kebumen,8,45000,Transfer Bank,5.0
ORD-3446,2026-09-10T00:00:00.000000000,Kesehatan & Kecantikan,Solo,1,20000,COD,5.0
ORD-3447,2026-09-16T00:00:00.000000000,Olahraga,Semarang,5,60000,E-Wallet,4.0
ORD-3448,2026-09-20T00:00:00.000000000,Olahraga,Purworejo,2,60000,Transfer Bank,5.0
ORD-3449,2026-09-23T00:00:00.000000000,Elektronik,Solo,8,90000,Kartu Kredit,4.0
ORD-3450,2026-09-11T00:00:00.000000000,Fashion,Kebumen,1,350000,COD,4.0
ORD-3451,2026-09-13T00:00:00.000000000,Elektronik,Semarang,2,90000,COD,5.0
ORD-3452,2026-09-27T00:00:00.000000000,Rumah Tangga,Kebumen,3,200000,Kartu Kredit,5.0
ORD-3453,2026-09-25T00:00:00.000000000,Olahraga,Kebumen,1,125000,Transfer Bank,5.0
ORD-3454,2026-09-10T00:00:00.000000000,Olahraga,Kebumen,5,350000,COD,5.0
ORD-3455,2026-09-25T00:00:00.000000000,Kesehatan & Kecantikan,Kebumen,5,45000,Kartu Kredit,
ORD-3456,2026-09-05T00:00:00.000000000,Olahraga,Kebumen,6,200000,COD,4.0
ORD-3457,2026-09-13T00:00:00.000000000,Kesehatan & Kecantikan,Solo,7,125000,Kartu Kredit,
ORD-3458,2026-09-15T00:00:00.000000000,Makanan & Minuman,Solo,5,20000,E-Wallet,5.0
ORD-3459,2026-09-05T00:00:00.000000000,Makanan & Minuman,Kebumen,10,60000,COD,5.0
ORD-3460,2026-09-06T00:00:00.000000000,Fashion,Solo,7,90000,Kartu Kredit,3.0
ORD-3461,2026-09-20T00:00:00.000000000,Rumah Tangga,Semarang,4,125000,Kartu Kredit,4.0
ORD-3462,2026-09-23T00:00:00.000000000,Rumah Tangga,Purworejo,11,20000,E-Wallet,5.0
ORD-3463,2026-09-14T00:00:00.000000000,Rumah Tangga,Magelang,3,200000,COD,4.0
ORD-3464,2026-09-23T00:00:00.000000000,Rumah Tangga,Yogyakarta,5,60000,Transfer Bank,5.0
ORD-3465,2026-09-26T00:00:00.000000000,Rumah Tangga,Kebumen,3,20000,E-Wallet,5.0
ORD-3466,2026-09-25T00:00:00.000000000,Fashion,Magelang,7,60000,COD,3.0
ORD-3467,2026-09-28T00:00:00.000000000,Rumah Tangga,Solo,7,20000,E-Wallet,5.0
ORD-3468,2026-09-02T00:00:00.000000000,Kesehatan & Kecantikan,Kebumen,7,200000,Transfer Bank,3.0
ORD-3469,2026-09-29T00:00:00.000000000,Fashion,Solo,2,45000,Transfer Bank,4.0
ORD-3470,2026-09-26T00:00:00.000000000,Makanan & Minuman,Yogyakarta,1,45000,Transfer Bank,3.0
ORD-3471,2026-09-22T00:00:00.000000000,Makanan & Minuman,Solo,9,125000,COD,5.0
ORD-3472,2026-09-01T00:00:00.000000000,Rumah Tangga,Purworejo,1,45000,Kartu Kredit,
ORD-3473,2026-09-30T00:00:00.000000000,Fashion,Kebumen,1,125000,Kartu Kredit,5.0
ORD-3474,2026-09-05T00:00:00.000000000,Olahraga,Solo,4,125000,E-Wallet,5.0
ORD-3475,2026-09-06T00:00:00.000000000,Elektronik,Purworejo,8,90000,E-Wallet,5.0
ORD-3476,2026-09-09T00:00:00.000000000,Fashion,Kebumen,4,200000,COD,5.0
ORD-3477,2026-09-11T00:00:00.000000000,Makanan & Minuman,Magelang,11,350000,E-Wallet,3.0
ORD-3478,2026-09-22T00:00:00.000000000,Olahraga,Kebumen,4,60000,COD,
ORD-3479,2026-09-09T00:00:00.000000000,Makanan & Minuman,Magelang,9,20000,Kartu Kredit,3.0
ORD-3480,2026-09-27T00:00:00.000000000,Makanan & Minuman,Kebumen,10,60000,Transfer Bank,5.0
ORD-3481,2026-09-04T00:00:00.000000000,Olahraga,Kebumen,9,45000,E-Wallet,
ORD-3482,2026-09-18T00:00:00.000000000,Makanan & Minuman,Solo,7,45000,E-Wallet,
ORD-3483,2026-09-24T00:00:00.000000000,Kesehatan & Kecantikan,Kebumen,3,350000,E-Wallet,5.0
ORD-3484,2026-09-15T00:00:00.000000000,Kesehatan & Kecantikan,Magelang,1,45000,COD,5.0
ORD-3485,2026-09-02T00:00:00.000000000,Fashion,Semarang,11,200000,Transfer Bank,
ORD-3486,2026-09-22T00:00:00.000000000,Kesehatan & Kecantikan,Semarang,7,60000,Transfer Bank,5.0
ORD-3487,2026-09-23T00:00:00.000000000,Fashion,Purworejo,2,45000,COD,4.0
ORD-3488,2026-09-21T00:00:00.000000000,Makanan & Minuman,Yogyakarta,4,60000,E-Wallet,
ORD-3489,2026-09-30T00:00:00.000000000,Fashion,Kebumen,1,125000,COD,4.0
ORD-3490,2026-09-01T00:00:00.000000000,Rumah Tangga,Semarang,6,90000,Kartu Kredit,5.0
ORD-3491,2026-09-14T00:00:00.000000000,Makanan & Minuman,Solo,11,20000,Transfer Bank,5.0
ORD-3492,2026-09-14T00:00:00.000000000,Fashion,Purworejo,8,125000,COD,5.0
ORD-3493,2026-09-11T00:00:00.000000000,Olahraga,Solo,6,20000,Transfer Bank,5.0
ORD-3494,2026-09-11T00:00:00.000000000,Elektronik,Semarang,7,20000,E-Wallet,1.0
ORD-3495,2026-09-28T00:00:00.000000000,Fashion,Solo,8,350000,E-Wallet,
ORD-3496,2026-09-20T00:00:00.000000000,Elektronik,Magelang,6,350000,Transfer Bank,
ORD-3497,2026-09-17T00:00:00.000000000,Elektronik,Solo,6,90000,E-Wallet,5.0
ORD-3498,2026-09-03T00:00:00.000000000,Olahraga,Magelang,4,90000,E-Wallet,4.0
ORD-3499,2026-09-29T00:00:00.000000000,Kesehatan & Kecantikan,Kebumen,4,90000,Kartu Kredit,5.0
ORD-3500,2026-09-06T00:00:00.000000000,Makanan & Minuman,Solo,7,60000,COD,
ORD-3501,2026-09-27T00:00:00.000000000,Rumah Tangga,Purworejo,8,350000,Transfer Bank,3.0
ORD-3502,2026-09-27T00:00:00.000000000,Kesehatan & Kecantikan,Semarang,3,60000,E-Wallet,5.0
ORD-3503,2026-09-14T00:00:00.000000000,Kesehatan & Kecantikan,Purworejo,4,350000,E-Wallet,5.0
ORD-3504,2026-09-29T00:00:00.000000000,Rumah Tangga,Magelang,6,20000,COD,4.0
ORD-3505,2026-09-25T00:00:00.000000000,Kesehatan & Kecantikan,Solo,6,20000,COD,5.0
ORD-3506,2026-09-15T00:00:00.000000000,Makanan & Minuman,Magelang,7,90000,E-Wallet,4.0
ORD-3507,2026-09-12T00:00:00.000000000,Makanan & Minuman,Kebumen,8,200000,COD,5.0
ORD-3508,2026-09-27T00:00:00.000000000,Fashion,Kebumen,8,125000,COD,4.0
ORD-3509,2026-09-03T00:00:00.000000000,Makanan & Minuman,Yogyakarta,11,60000,Kartu Kredit,3.0
ORD-3510,2026-09-16T00:00:00.000000000,Elektronik,Magelang,4,350000,Kartu Kredit,5.0
ORD-3511,2026-09-16T00:00:00.000000000,Elektronik,Solo,6,200000,Kartu Kredit,5.0
ORD-3512,2026-09-11T00:00:00.000000000,Elektronik,Semarang,11,350000,E-Wallet,5.0
ORD-3513,2026-09-23T00:00:00.000000000,Fashion,Semarang,2,90000,Kartu Kredit,5.0
ORD-3514,2026-09-14T00:00:00.000000000,Makanan & Minuman,Semarang,8,45000,COD,4.0
ORD-3515,2026-09-25T00:00:00.000000000,Kesehatan & Kecantikan,Magelang,3,20000,E-Wallet,4.0
ORD-3516,2026-09-09T00:00:00.000000000,Makanan & Minuman,Semarang,3,200000,Transfer Bank,4.0
ORD-3517,2026-09-26T00:00:00.000000000,Rumah Tangga,Magelang,8,45000,Kartu Kredit,5.0
ORD-3518,2026-09-02T00:00:00.000000000,Olahraga,Purworejo,2,90000,COD,5.0
ORD-3519,2026-09-27T00:00:00.000000000,Kesehatan & Kecantikan,Solo,7,350000,COD,4.0
ORD-3520,2026-09-25T00:00:00.000000000,Rumah Tangga,Kebumen,11,125000,Kartu Kredit,
ORD-3521,2026-09-28T00:00:00.000000000,Makanan & Minuman,Kebumen,10,200000,Kartu Kredit,4.0
ORD-3522,2026-09-16T00:00:00.000000000,Olahraga,Semarang,1,60000,E-Wallet,5.0
ORD-3523,2026-09-02T00:00:00.000000000,Olahraga,Solo,7,90000,Transfer Bank,
ORD-3524,2026-09-27T00:00:00.000000000,Kesehatan & Kecantikan,Magelang,9,45000,Kartu Kredit,5.0
ORD-3525,2026-09-09T00:00:00.000000000,Elektronik,Yogyakarta,7,200000,E-Wallet,
ORD-3526,2026-09-20T00:00:00.000000000,Makanan & Minuman,Yogyakarta,5,200000,COD,5.0
ORD-3527,2026-09-29T00:00:00.000000000,Olahraga,Solo,1,20000,E-Wallet,4.0
ORD-3528,2026-09-29T00:00:00.000000000,Elektronik,Purworejo,5,200000,Transfer Bank,5.0
ORD-3529,2026-09-28T00:00:00.000000000,Kesehatan & Kecantikan,Kebumen,2,60000,COD,5.0
ORD-3530,2026-09-03T00:00:00.000000000,Rumah Tangga,Kebumen,1,20000,Kartu Kredit,4.0
ORD-3531,2026-09-09T00:00:00.000000000,Olahraga,Purworejo,4,90000,E-Wallet,5.0
ORD-3532,2026-09-28T00:00:00.000000000,Olahraga,Semarang,3,350000,Kartu Kredit,4.0
ORD-3533,2026-09-21T00:00:00.000000000,Makanan & Minuman,Yogyakarta,1,125000,Transfer Bank,
ORD-3534,2026-09-26T00:00:00.000000000,Fashion,Yogyakarta,8,350000,E-Wallet,3.0
ORD-3535,2026-09-19T00:00:00.000000000,Olahraga,Semarang,7,45000,E-Wallet,2.0
ORD-3536,2026-09-03T00:00:00.000000000,Olahraga,Yogyakarta,11,200000,Transfer Bank,5.0
ORD-3537,2026-09-18T00:00:00.000000000,Fashion,Purworejo,3,20000,COD,3.0
ORD-3538,2026-09-21T00:00:00.000000000,Makanan & Minuman,Kebumen,1,45000,Kartu Kredit,3.0
ORD-3539,2026-09-12T00:00:00.000000000,Elektronik,Semarang,10,200000,Transfer Bank,5.0
ORD-3540,2026-09-02T00:00:00.000000000,Fashion,Purworejo,1,125000,E-Wallet,4.0
ORD-3541,2026-09-27T00:00:00.000000000,Fashion,Solo,3,200000,COD,5.0
ORD-3542,2026-09-16T00:00:00.000000000,Elektronik,Semarang,2,125000,E-Wallet,4.0
ORD-3543,2026-09-16T00:00:00.000000000,Fashion,Magelang,1,20000,E-Wallet,5.0
ORD-3544,2026-09-04T00:00:00.000000000,Kesehatan & Kecantikan,Purworejo,2,350000,COD,4.0
ORD-3545,2026-09-30T00:00:00.000000000,Kesehatan & Kecantikan,Solo,5,350000,COD,3.0
ORD-3546,2026-09-04T00:00:00.000000000,Elektronik,Solo,3,200000,E-Wallet,2.0
ORD-3547,2026-09-25T00:00:00.000000000,Kesehatan & Kecantikan,Yogyakarta,11,90000,Kartu Kredit,5.0
ORD-3548,2026-09-25T00:00:00.000000000,Rumah Tangga,Magelang,9,90000,Kartu Kredit,
ORD-3549,2026-09-07T00:00:00.000000000,Kesehatan & Kecantikan,Purworejo,5,200000,Kartu Kredit,
ORD-3550,2026-09-29T00:00:00.000000000,Fashion,Yogyakarta,3,20000,Kartu Kredit,5.0
ORD-3551,2026-09-27T00:00:00.000000000,Kesehatan & Kecantikan,Magelang,3,350000,Transfer Bank,
ORD-3552,2026-09-29T00:00:00.000000000,Makanan & Minuman,Solo,4,20000,E-Wallet,5.0
ORD-3553,2026-09-12T00:00:00.000000000,Kesehatan & Kecantikan,Solo,7,125000,COD,4.0
ORD-3554,2026-09-02T00:00:00.000000000,Makanan & Minuman,Kebumen,3,350000,Transfer Bank,
ORD-3555,2026-09-04T00:00:00.000000000,Elektronik,Solo,7,60000,Transfer Bank,3.0
ORD-3556,2026-09-26T00:00:00.000000000,Fashion,Kebumen,7,90000,COD,4.0
ORD-3557,2026-09-11T00:00:00.000000000,Elektronik,Magelang,1,60000,COD,4.0
ORD-3558,2026-09-21T00:00:00.000000000,Fashion,Semarang,5,125000,COD,5.0
ORD-3559,2026-09-06T00:00:00.000000000,Rumah Tangga,Magelang,11,20000,Transfer Bank,4.0
ORD-3560,2026-09-08T00:00:00.000000000,Kesehatan & Kecantikan,Solo,2,350000,Transfer Bank,4.0
ORD-3561,2026-09-20T00:00:00.000000000,Elektronik,Solo,7,350000,Kartu Kredit,5.0
ORD-3562,2026-09-14T00:00:00.000000000,Elektronik,Solo,4,125000,COD,4.0
ORD-3563,2026-09-12T00:00:00.000000000,Rumah Tangga,Purworejo,2,60000,Kartu Kredit,
ORD-3564,2026-09-27T00:00:00.000000000,Olahraga,Purworejo,8,90000,Transfer Bank,4.0
ORD-3565,2026-09-27T00:00:00.000000000,Fashion,Solo,6,125000,Transfer Bank,4.0
ORD-3566,2026-09-25T00:00:00.000000000,Elektronik,Yogyakarta,7,350000,Transfer Bank,3.0
ORD-3567,2026-09-03T00:00:00.000000000,Fashion,Yogyakarta,9,125000,COD,4.0
ORD-3568,2026-09-13T00:00:00.000000000,Fashion,Purworejo,7,200000,Transfer Bank,4.0
ORD-3569,2026-09-28T00:00:00.000000000,Olahraga,Purworejo,5,45000,Transfer Bank,4.0
ORD-3570,2026-09-30T00:00:00.000000000,Makanan & Minuman,Semarang,10,200000,E-Wallet,4.0
ORD-3571,2026-09-30T00:00:00.000000000,Elektronik,Yogyakarta,8,20000,Kartu Kredit,4.0
ORD-3572,2026-09-22T00:00:00.000000000,Fashion,Kebumen,11,200000,Transfer Bank,3.0
ORD-3573,2026-09-24T00:00:00.000000000,Kesehatan & Kecantikan,Semarang,7,45000,COD,4.0
ORD-3574,2026-09-10T00:00:00.000000000,Makanan & Minuman,Kebumen,8,20000,COD,3.0
ORD-3575,2026-09-17T00:00:00.000000000,Fashion,Solo,7,125000,Kartu Kredit,4.0
ORD-3576,2026-09-28T00:00:00.000000000,Kesehatan & Kecantikan,Solo,5,125000,COD,5.0
ORD-3577,2026-09-13T00:00:00.000000000,Kesehatan & Kecantikan,Purworejo,1,20000,E-Wallet,5.0
ORD-3578,2026-09-06T00:00:00.000000000,Olahraga,Magelang,8,45000,Kartu Kredit,4.0
ORD-3579,2026-09-06T00:00:00.000000000,Rumah Tangga,Solo,6,200000,Kartu Kredit,4.0
ORD-3580,2026-09-21T00:00:00.000000000,Rumah Tangga,Magelang,10,350000,Transfer Bank,5.0
ORD-3581,2026-09-12T00:00:00.000000000,Kesehatan & Kecantikan,Solo,9,20000,Transfer Bank,5.0
ORD-3582,2026-09-05T00:00:00.000000000,Makanan & Minuman,Solo,3,200000,E-Wallet,4.0
ORD-3583,2026-09-20T00:00:00.000000000,Fashion,Yogyakarta,6,200000,Kartu Kredit,3.0
ORD-3584,2026-09-29T00:00:00.000000000,Rumah Tangga,Solo,1,200000,E-Wallet,5.0
ORD-3585,2026-09-14T00:00:00.000000000,Rumah Tangga,Solo,6,60000,COD,
ORD-3586,2026-09-21T00:00:00.000000000,Makanan & Minuman,Purworejo,8,20000,E-Wallet,
ORD-3587,2026-09-06T00:00:00.000000000,Rumah Tangga,Solo,5,200000,Kartu Kredit,
ORD-3588,2026-09-12T00:00:00.000000000,Kesehatan & Kecantikan,Magelang,11,200000,E-Wallet,5.0
ORD-3589,2026-09-29T00:00:00.000000000,Rumah Tangga,Semarang,8,90000,E-Wallet,5.0
ORD-3590,2026-09-01T00:00:00.000000000,Rumah Tangga,Magelang,6,350000,Transfer Bank,5.0
ORD-3591,2026-09-14T00:00:00.000000000,Rumah Tangga,Kebumen,5,200000,Kartu Kredit,5.0
ORD-3592,2026-09-04T00:00:00.000000000,Makanan & Minuman,Solo,4,45000,COD,4.0
ORD-3593,2026-09-11T00:00:00.000000000,Makanan & Minuman,Yogyakarta,4,60000,Transfer Bank,3.0
ORD-3594,2026-09-15T00:00:00.000000000,Rumah Tangga,Yogyakarta,4,125000,E-Wallet,4.0
ORD-3595,2026-09-24T00:00:00.000000000,Makanan & Minuman,Solo,1,45000,Transfer Bank,3.0
ORD-3596,2026-09-25T00:00:00.000000000,Kesehatan & Kecantikan,Magelang,6,45000,Transfer Bank,4.0
ORD-3597,2026-09-24T00:00:00.000000000,Elektronik,Magelang,4,350000,E-Wallet,5.0
ORD-3598,2026-09-27T00:00:00.000000000,Olahraga,Magelang,3,350000,COD,5.0
ORD-3599,2026-09-21T00:00:00.000000000,Olahraga,Magelang,9,350000,Kartu Kredit,
ORD-3600,2026-09-10T00:00:00.000000000,Olahraga,Semarang,3,20000,Transfer Bank,
ORD-3601,2026-09-28T00:00:00.000000000,Kesehatan & Kecantikan,Yogyakarta,7,125000,Kartu Kredit,5.0
ORD-3602,2026-09-09T00:00:00.000000000,Rumah Tangga,Semarang,3,90000,Transfer Bank,
ORD-3603,2026-09-26T00:00:00.000000000,Rumah Tangga,Yogyakarta,1,20000,COD,4.0
ORD-3604,2026-09-09T00:00:00.000000000,Elektronik,Magelang,10,200000,E-Wallet,5.0
ORD-3605,2026-09-12T00:00:00.000000000,Kesehatan & Kecantikan,Semarang,7,60000,Kartu Kredit,
ORD-3606,2026-09-08T00:00:00.000000000,Rumah Tangga,Purworejo,2,60000,Kartu Kredit,5.0
ORD-3607,2026-09-24T00:00:00.000000000,Kesehatan & Kecantikan,Solo,7,125000,Kartu Kredit,4.0
ORD-3608,2026-09-24T00:00:00.000000000,Makanan & Minuman,Magelang,5,350000,Transfer Bank,4.0
ORD-3609,2026-09-08T00:00:00.000000000,Olahraga,Kebumen,5,125000,Transfer Bank,4.0
ORD-3610,2026-09-09T00:00:00.000000000,Rumah Tangga,Solo,11,90000,Transfer Bank,5.0
ORD-3611,2026-09-29T00:00:00.000000000,Elektronik,Purworejo,10,20000,Kartu Kredit,5.0
ORD-3612,2026-09-13T00:00:00.000000000,Makanan & Minuman,Purworejo,10,350000,COD,
ORD-3613,2026-09-01T00:00:00.000000000,Elektronik,Purworejo,1,20000,Transfer Bank,5.0
ORD-3614,2026-09-21T00:00:00.000000000,Fashion,Yogyakarta,10,125000,COD,5.0
ORD-3615,2026-09-19T00:00:00.000000000,Rumah Tangga,Kebumen,3,20000,Kartu Kredit,5.0
ORD-3616,2026-09-17T00:00:00.000000000,Elektronik,Magelang,7,60000,COD,4.0
ORD-3617,2026-09-14T00:00:00.000000000,Elektronik,Magelang,4,200000,COD,4.0
ORD-3618,2026-09-14T00:00:00.000000000,Olahraga,Purworejo,10,125000,Kartu Kredit,5.0
ORD-3619,2026-09-28T00:00:00.000000000,Rumah Tangga,Magelang,7,200000,E-Wallet,5.0
ORD-3620,2026-09-23T00:00:00.000000000,Fashion,Semarang,2,20000,E-Wallet,
ORD-3621,2026-09-26T00:00:00.000000000,Rumah Tangga,Solo,2,200000,Kartu Kredit,5.0
ORD-3622,2026-09-24T00:00:00.000000000,Fashion,Purworejo,2,20000,COD,3.0
ORD-3623,2026-09-02T00:00:00.000000000,Olahraga,Yogyakarta,5,350000,E-Wallet,4.0
ORD-3624,2026-09-12T00:00:00.000000000,Rumah Tangga,Kebumen,5,350000,COD,3.0
ORD-3625,2026-09-28T00:00:00.000000000,Rumah Tangga,Kebumen,2,45000,COD,4.0
ORD-3626,2026-09-03T00:00:00.000000000,Olahraga,Yogyakarta,9,125000,Transfer Bank,4.0
ORD-3627,2026-09-13T00:00:00.000000000,Rumah Tangga,Solo,2,90000,COD,4.0
ORD-3628,2026-09-09T00:00:00.000000000,Rumah Tangga,Purworejo,10,60000,E-Wallet,5.0
ORD-3629,2026-09-18T00:00:00.000000000,Makanan & Minuman,Magelang,3,200000,Kartu Kredit,5.0
ORD-3630,2026-09-03T00:00:00.000000000,Olahraga,Yogyakarta,3,45000,E-Wallet,
ORD-3631,2026-09-16T00:00:00.000000000,Olahraga,Purworejo,10,45000,Transfer Bank,5.0
ORD-3632,2026-09-07T00:00:00.000000000,Elektronik,Kebumen,10,90000,Transfer Bank,4.0
ORD-3633,2026-09-02T00:00:00.000000000,Kesehatan & Kecantikan,Magelang,3,350000,Transfer Bank,4.0
ORD-3634,2026-09-03T00:00:00.000000000,Makanan & Minuman,Semarang,8,60000,E-Wallet,1.0
ORD-3635,2026-09-30T00:00:00.000000000,Kesehatan & Kecantikan,Semarang,7,350000,Kartu Kredit,5.0
ORD-3636,2026-09-25T00:00:00.000000000,Kesehatan & Kecantikan,Magelang,4,20000,Transfer Bank,
ORD-3637,2026-09-05T00:00:00.000000000,Makanan & Minuman,Kebumen,7,45000,Kartu Kredit,5.0
ORD-3638,2026-09-18T00:00:00.000000000,Elektronik,Magelang,2,45000,Transfer Bank,
ORD-3639,2026-09-12T00:00:00.000000000,Kesehatan & Kecantikan,Solo,4,20000,COD,5.0
ORD-3640,2026-09-12T00:00:00.000000000,Kesehatan & Kecantikan,Semarang,10,125000,E-Wallet,3.0
ORD-3641,2026-09-14T00:00:00.000000000,Elektronik,Kebumen,11,60000,COD,4.0
ORD-3642,2026-09-08T00:00:00.000000000,Rumah Tangga,Magelang,1,200000,E-Wallet,5.0
ORD-3643,2026-09-27T00:00:00.000000000,Elektronik,Kebumen,5,45000,Kartu Kredit,5.0
ORD-3644,2026-09-24T00:00:00.000000000,Rumah Tangga,Yogyakarta,5,90000,COD,5.0
ORD-3645,2026-09-20T00:00:00.000000000,Elektronik,Yogyakarta,8,125000,Transfer Bank,4.0
ORD-3646,2026-09-30T00:00:00.000000000,Rumah Tangga,Semarang,9,200000,COD,5.0
ORD-3647,2026-09-20T00:00:00.000000000,Rumah Tangga,Solo,2,90000,E-Wallet,5.0
ORD-3648,2026-09-20T00:00:00.000000000,Rumah Tangga,Solo,5,90000,E-Wallet,4.0
ORD-3649,2026-09-07T00:00:00.000000000,Rumah Tangga,Magelang,5,125000,Kartu Kredit,4.0
ORD-3650,2026-09-14T00:00:00.000000000,Kesehatan & Kecantikan,Kebumen,7,350000,E-Wallet,4.0
ORD-3651,2026-09-15T00:00:00.000000000,Olahraga,Magelang,7,200000,Kartu Kredit,5.0
ORD-3652,2026-09-11T00:00:00.000000000,Olahraga,Magelang,7,60000,E-Wallet,4.0
ORD-3653,2026-09-28T00:00:00.000000000,Rumah Tangga,Solo,10,200000,E-Wallet,4.0
ORD-3654,2026-09-26T00:00:00.000000000,Elektronik,Magelang,7,60000,COD,4.0
ORD-3655,2026-09-01T00:00:00.000000000,Elektronik,Solo,3,20000,Transfer Bank,3.0
ORD-3656,2026-09-13T00:00:00.000000000,Elektronik,Solo,3,45000,COD,4.0
ORD-3657,2026-09-05T00:00:00.000000000,Elektronik,Magelang,1,350000,Transfer Bank,3.0
ORD-3658,2026-09-11T00:00:00.000000000,Fashion,Kebumen,3,350000,COD,1.0
ORD-3659,2026-09-03T00:00:00.000000000,Fashion,Magelang,4,125000,Kartu Kredit,4.0
ORD-3660,2026-09-15T00:00:00.000000000,Kesehatan & Kecantikan,Kebumen,4,60000,COD,4.0
ORD-3661,2026-09-24T00:00:00.000000000,Kesehatan & Kecantikan,Semarang,2,45000,Transfer Bank,4.0
ORD-3662,2026-09-19T00:00:00.000000000,Kesehatan & Kecantikan,Semarang,3,125000,Kartu Kredit,5.0
ORD-3663,2026-09-29T00:00:00.000000000,Elektronik,Magelang,5,60000,Kartu Kredit,5.0
ORD-3664,2026-09-27T00:00:00.000000000,Makanan & Minuman,Kebumen,3,200000,Kartu Kredit,5.0
ORD-3665,2026-09-21T00:00:00.000000000,Olahraga,Magelang,9,20000,E-Wallet,5.0
ORD-3666,2026-09-08T00:00:00.000000000,Elektronik,Magelang,8,45000,COD,5.0
ORD-3667,2026-09-05T00:00:00.000000000,Makanan & Minuman,Semarang,7,20000,E-Wallet,5.0
ORD-3668,2026-09-25T00:00:00.000000000,Makanan & Minuman,Semarang,7,60000,Kartu Kredit,4.0
ORD-3669,2026-09-14T00:00:00.000000000,Kesehatan & Kecantikan,Semarang,10,60000,Kartu Kredit,5.0
ORD-3670,2026-09-29T00:00:00.000000000,Makanan & Minuman,Semarang,10,60000,COD,
ORD-3671,2026-09-18T00:00:00.000000000,Elektronik,Purworejo,8,60000,Kartu Kredit,5.0
ORD-3672,2026-09-12T00:00:00.000000000,Makanan & Minuman,Solo,1,60000,COD,4.0
ORD-3673,2026-09-06T00:00:00.000000000,Makanan & Minuman,Solo,10,20000,E-Wallet,5.0
ORD-3674,2026-09-23T00:00:00.000000000,Makanan & Minuman,Solo,5,20000,Transfer Bank,4.0
ORD-3675,2026-09-04T00:00:00.000000000,Makanan & Minuman,Magelang,5,350000,COD,
ORD-3676,2026-09-21T00:00:00.000000000,Kesehatan & Kecantikan,Magelang,6,60000,Transfer Bank,
ORD-3677,2026-09-26T00:00:00.000000000,Fashion,Solo,6,350000,E-Wallet,4.0
ORD-3678,2026-09-03T00:00:00.000000000,Kesehatan & Kecantikan,Semarang,10,60000,Transfer Bank,5.0
ORD-3679,2026-09-22T00:00:00.000000000,Fashion,Kebumen,2,125000,Kartu Kredit,4.0
ORD-3680,2026-09-27T00:00:00.000000000,Rumah Tangga,Purworejo,10,45000,E-Wallet,4.0
ORD-3681,2026-09-08T00:00:00.000000000,Makanan & Minuman,Yogyakarta,9,60000,Transfer Bank,4.0
ORD-3682,2026-09-15T00:00:00.000000000,Fashion,Kebumen,3,20000,Kartu Kredit,5.0
ORD-3683,2026-09-20T00:00:00.000000000,Kesehatan & Kecantikan,Yogyakarta,10,20000,Kartu Kredit,
ORD-3684,2026-09-22T00:00:00.000000000,Fashion,Semarang,9,200000,COD,4.0
ORD-3685,2026-09-13T00:00:00.000000000,Rumah Tangga,Semarang,11,350000,Kartu Kredit,5.0
ORD-3686,2026-09-09T00:00:00.000000000,Elektronik,Purworejo,1,125000,E-Wallet,3.0
ORD-3687,2026-09-06T00:00:00.000000000,Kesehatan & Kecantikan,Semarang,1,60000,E-Wallet,
ORD-3688,2026-09-25T00:00:00.000000000,Kesehatan & Kecantikan,Magelang,4,60000,Kartu Kredit,
ORD-3689,2026-09-06T00:00:00.000000000,Elektronik,Yogyakarta,5,125000,Transfer Bank,
ORD-3690,2026-09-26T00:00:00.000000000,Rumah Tangga,Solo,3,350000,COD,
ORD-3691,2026-09-21T00:00:00.000000000,Makanan & Minuman,Semarang,10,125000,Transfer Bank,
ORD-3692,2026-09-30T00:00:00.000000000,Olahraga,Magelang,7,20000,Kartu Kredit,
ORD-3693,2026-09-10T00:00:00.000000000,Elektronik,Solo,8,45000,COD,3.0
ORD-3694,2026-09-14T00:00:00.000000000,Olahraga,Purworejo,9,125000,Kartu Kredit,
ORD-3695,2026-09-28T00:00:00.000000000,Rumah Tangga,Kebumen,10,45000,Kartu Kredit,4.0
ORD-3696,2026-09-30T00:00:00.000000000,Fashion,Purworejo,7,90000,E-Wallet,5.0
ORD-3697,2026-09-17T00:00:00.000000000,Makanan & Minuman,Purworejo,7,20000,Kartu Kredit,4.0
ORD-3698,2026-09-25T00:00:00.000000000,Rumah Tangga,Kebumen,10,125000,COD,
ORD-3699,2026-09-10T00:00:00.000000000,Kesehatan & Kecantikan,Solo,10,90000,COD,5.0
ORD-3700,2026-09-28T00:00:00.000000000,Olahraga,Yogyakarta,11,90000,Kartu Kredit,5.0
ORD-3701,2026-09-22T00:00:00.000000000,Kesehatan & Kecantikan,Magelang,5,60000,Transfer Bank,
ORD-3702,2026-09-29T00:00:00.000000000,Makanan & Minuman,Semarang,3,350000,COD,4.0
ORD-3703,2026-09-25T00:00:00.000000000,Fashion,Kebumen,4,20000,Kartu Kredit,4.0
ORD-3704,2026-09-29T00:00:00.000000000,Rumah Tangga,Purworejo,5,20000,COD,5.0
ORD-3705,2026-09-25T00:00:00.000000000,Rumah Tangga,Purworejo,10,125000,COD,3.0
ORD-3706,2026-09-14T00:00:00.000000000,Makanan & Minuman,Solo,2,20000,Kartu Kredit,
ORD-3707,2026-09-17T00:00:00.000000000,Fashion,Purworejo,6,125000,Transfer Bank,4.0
ORD-3708,2026-09-04T00:00:00.000000000,Kesehatan & Kecantikan,Kebumen,7,200000,E-Wallet,5.0
ORD-3709,2026-09-21T00:00:00.000000000,Elektronik,Solo,5,20000,Kartu Kredit,4.0
ORD-3710,2026-09-29T00:00:00.000000000,Rumah Tangga,Solo,1,90000,Transfer Bank,5.0
ORD-3711,2026-09-16T00:00:00.000000000,Elektronik,Semarang,7,350000,Kartu Kredit,4.0
ORD-3712,2026-09-19T00:00:00.000000000,Elektronik,Solo,3,350000,Transfer Bank,4.0
ORD-3713,2026-09-10T00:00:00.000000000,Elektronik,Semarang,11,20000,Transfer Bank,5.0
ORD-3714,2026-09-17T00:00:00.000000000,Olahraga,Purworejo,5,350000,E-Wallet,5.0
ORD-3715,2026-09-03T00:00:00.000000000,Olahraga,Solo,2,200000,Transfer Bank,4.0
ORD-3716,2026-09-05T00:00:00.000000000,Rumah Tangga,Purworejo,1,90000,Kartu Kredit,5.0
ORD-3717,2026-09-18T00:00:00.000000000,Fashion,Yogyakarta,8,20000,Transfer Bank,4.0
ORD-3718,2026-09-20T00:00:00.000000000,Kesehatan & Kecantikan,Yogyakarta,7,200000,COD,5.0
ORD-3719,2026-09-16T00:00:00.000000000,Elektronik,Solo,5,350000,Transfer Bank,5.0
ORD-3720,2026-09-15T00:00:00.000000000,Kesehatan & Kecantikan,Yogyakarta,1,45000,Transfer Bank,4.0
ORD-3721,2026-09-21T00:00:00.000000000,Olahraga,Yogyakarta,5,20000,Kartu Kredit,
ORD-3722,2026-09-20T00:00:00.000000000,Elektronik,Yogyakarta,10,20000,E-Wallet,
ORD-3723,2026-09-09T00:00:00.000000000,Makanan & Minuman,Yogyakarta,10,45000,E-Wallet,5.0
ORD-3724,2026-09-28T00:00:00.000000000,Rumah Tangga,Semarang,7,60000,Transfer Bank,3.0
ORD-3725,2026-09-09T00:00:00.000000000,Makanan & Minuman,Yogyakarta,8,60000,Transfer Bank,
ORD-3726,2026-09-18T00:00:00.000000000,Rumah Tangga,Magelang,9,45000,Transfer Bank,
ORD-3727,2026-09-10T00:00:00.000000000,Fashion,Yogyakarta,11,125000,COD,5.0
ORD-3728,2026-09-27T00:00:00.000000000,Olahraga,Kebumen,1,20000,Kartu Kredit,4.0
ORD-3729,2026-09-18T00:00:00.000000000,Makanan & Minuman,Semarang,3,20000,E-Wallet,3.0
ORD-3730,2026-09-30T00:00:00.000000000,Kesehatan & Kecantikan,Semarang,10,20000,Transfer Bank,1.0
ORD-3731,2026-09-05T00:00:00.000000000,Elektronik,Magelang,5,45000,Kartu Kredit,5.0
ORD-3732,2026-09-10T00:00:00.000000000,Kesehatan & Kecantikan,Solo,11,20000,Transfer Bank,4.0
ORD-3733,2026-09-12T00:00:00.000000000,Olahraga,Yogyakarta,1,350000,Transfer Bank,4.0
ORD-3734,2026-09-25T00:00:00.000000000,Kesehatan & Kecantikan,Semarang,1,350000,Kartu Kredit,3.0
ORD-3735,2026-09-15T00:00:00.000000000,Rumah Tangga,Yogyakarta,3,350000,Transfer Bank,4.0
ORD-3736,2026-09-02T00:00:00.000000000,Rumah Tangga,Purworejo,2,45000,E-Wallet,5.0
ORD-3737,2026-09-08T00:00:00.000000000,Kesehatan & Kecantikan,Purworejo,4,90000,Kartu Kredit,3.0
ORD-3738,2026-09-22T00:00:00.000000000,Olahraga,Kebumen,9,20000,E-Wallet,4.0
ORD-3739,2026-09-26T00:00:00.000000000,Elektronik,Magelang,1,125000,E-Wallet,5.0
ORD-3740,2026-09-08T00:00:00.000000000,Rumah Tangga,Solo,1,125000,Transfer Bank,4.0
ORD-3741,2026-09-09T00:00:00.000000000,Olahraga,Solo,10,200000,Transfer Bank,5.0
ORD-3742,2026-09-08T00:00:00.000000000,Elektronik,Purworejo,6,350000,COD,4.0
ORD-3743,2026-09-15T00:00:00.000000000,Olahraga,Purworejo,11,350000,E-Wallet,5.0
ORD-3744,2026-09-07T00:00:00.000000000,Kesehatan & Kecantikan,Kebumen,1,200000,Transfer Bank,
ORD-3745,2026-09-22T00:00:00.000000000,Makanan & Minuman,Kebumen,11,90000,E-Wallet,
ORD-3746,2026-09-16T00:00:00.000000000,Makanan & Minuman,Yogyakarta,6,20000,Kartu Kredit,4.0
ORD-3747,2026-09-21T00:00:00.000000000,Rumah Tangga,Semarang,4,90000,Transfer Bank,5.0
ORD-3748,2026-09-12T00:00:00.000000000,Kesehatan & Kecantikan,Magelang,4,125000,Kartu Kredit,1.0
ORD-3749,2026-09-15T00:00:00.000000000,Rumah Tangga,Yogyakarta,3,45000,Transfer Bank,4.0
ORD-3750,2026-09-08T00:00:00.000000000,Olahraga,Semarang,10,90000,E-Wallet,
ORD-3751,2026-09-08T00:00:00.000000000,Makanan & Minuman,Semarang,9,60000,COD,4.0
ORD-3752,2026-09-04T00:00:00.000000000,Rumah Tangga,Purworejo,3,200000,E-Wallet,4.0
ORD-3753,2026-09-18T00:00:00.000000000,Makanan & Minuman,Solo,2,60000,E-Wallet,4.0
ORD-3754,2026-09-22T00:00:00.000000000,Rumah Tangga,Yogyakarta,6,125000,COD,5.0
ORD-3755,2026-09-02T00:00:00.000000000,Fashion,Purworejo,8,60000,Kartu Kredit,5.0
ORD-3756,2026-09-10T00:00:00.000000000,Makanan & Minuman,Magelang,5,125000,Kartu Kredit,2.0
ORD-3757,2026-09-27T00:00:00.000000000,Fashion,Solo,5,125000,Transfer Bank,5.0
ORD-3758,2026-09-08T00:00:00.000000000,Olahraga,Purworejo,7,200000,Kartu Kredit,
ORD-3759,2026-09-07T00:00:00.000000000,Olahraga,Purworejo,1,200000,Kartu Kredit,
ORD-3760,2026-09-10T00:00:00.000000000,Elektronik,Semarang,6,60000,Kartu Kredit,1.0
ORD-3761,2026-09-04T00:00:00.000000000,Kesehatan & Kecantikan,Kebumen,6,60000,E-Wallet,5.0
ORD-3762,2026-09-20T00:00:00.000000000,Olahraga,Solo,11,90000,Transfer Bank,
ORD-3763,2026-09-02T00:00:00.000000000,Rumah Tangga,Magelang,4,90000,Transfer Bank,5.0
ORD-3764,2026-09-25T00:00:00.000000000,Fashion,Yogyakarta,2,125000,E-Wallet,3.0
ORD-3765,2026-09-15T00:00:00.000000000,Fashion,Kebumen,7,125000,Kartu Kredit,2.0
ORD-3766,2026-09-05T00:00:00.000000000,Kesehatan & Kecantikan,Magelang,11,350000,Transfer Bank,
ORD-3767,2026-09-12T00:00:00.000000000,Fashion,Semarang,9,200000,Kartu Kredit,4.0
ORD-3768,2026-09-29T00:00:00.000000000,Elektronik,Yogyakarta,9,45000,COD,
ORD-3769,2026-09-16T00:00:00.000000000,Rumah Tangga,Kebumen,3,200000,COD,4.0
ORD-3770,2026-09-10T00:00:00.000000000,Kesehatan & Kecantikan,Yogyakarta,6,125000,Kartu Kredit,5.0
ORD-3771,2026-09-26T00:00:00.000000000,Rumah Tangga,Magelang,2,125000,Kartu Kredit,
ORD-3772,2026-09-06T00:00:00.000000000,Olahraga,Kebumen,4,350000,Kartu Kredit,5.0
ORD-3773,2026-09-18T00:00:00.000000000,Kesehatan & Kecantikan,Semarang,8,20000,E-Wallet,5.0
ORD-3774,2026-09-14T00:00:00.000000000,Olahraga,Purworejo,8,125000,Transfer Bank,5.0
ORD-3775,2026-09-25T00:00:00.000000000,Olahraga,Kebumen,9,200000,Kartu Kredit,5.0
ORD-3776,2026-09-26T00:00:00.000000000,Olahraga,Yogyakarta,6,20000,Kartu Kredit,
ORD-3777,2026-09-19T00:00:00.000000000,Elektronik,Yogyakarta,6,200000,Kartu Kredit,
ORD-3778,2026-09-23T00:00:00.000000000,Elektronik,Semarang,4,20000,Kartu Kredit,5.0
ORD-3779,2026-09-28T00:00:00.000000000,Olahraga,Semarang,8,45000,Kartu Kredit,4.0
ORD-3780,2026-09-07T00:00:00.000000000,Kesehatan & Kecantikan,Magelang,4,20000,E-Wallet,
ORD-3781,2026-09-26T00:00:00.000000000,Rumah Tangga,Magelang,9,60000,E-Wallet,
ORD-3782,2026-09-16T00:00:00.000000000,Elektronik,Magelang,5,45000,COD,4.0
ORD-3783,2026-09-02T00:00:00.000000000,Rumah Tangga,Purworejo,9,350000,Kartu Kredit,5.0
ORD-3784,2026-09-24T00:00:00.000000000,Makanan & Minuman,Solo,2,200000,Kartu Kredit,5.0
ORD-3785,2026-09-07T00:00:00.000000000,Kesehatan & Kecantikan,Yogyakarta,11,20000,Transfer Bank,5.0
ORD-3786,2026-09-05T00:00:00.000000000,Olahraga,Solo,8,350000,E-Wallet,
ORD-3787,2026-09-29T00:00:00.000000000,Rumah Tangga,Semarang,4,200000,E-Wallet,
ORD-3788,2026-09-20T00:00:00.000000000,Olahraga,Solo,11,60000,Transfer Bank,
ORD-3789,2026-09-16T00:00:00.000000000,Elektronik,Kebumen,7,60000,COD,3.0
ORD-3790,2026-09-02T00:00:00.000000000,Rumah Tangga,Kebumen,2,90000,Transfer Bank,4.0
ORD-3791,2026-09-03T00:00:00.000000000,Rumah Tangga,Semarang,5,90000,E-Wallet,1.0
ORD-3792,2026-09-28T00:00:00.000000000,Fashion,Purworejo,1,45000,E-Wallet,3.0
ORD-3793,2026-09-15T00:00:00.000000000,Kesehatan & Kecantikan,Yogyakarta,9,200000,Kartu Kredit,
ORD-3794,2026-09-08T00:00:00.000000000,Rumah Tangga,Solo,7,45000,Kartu Kredit,4.0
ORD-3795,2026-09-02T00:00:00.000000000,Olahraga,Yogyakarta,6,45000,E-Wallet,4.0
ORD-3796,2026-09-06T00:00:00.000000000,Fashion,Kebumen,4,20000,Kartu Kredit,4.0
ORD-3797,2026-09-28T00:00:00.000000000,Fashion,Solo,11,350000,Transfer Bank,5.0
ORD-3798,2026-09-14T00:00:00.000000000,Rumah Tangga,Purworejo,3,125000,Kartu Kredit,
ORD-3799,2026-09-28T00:00:00.000000000,Kesehatan & Kecantikan,Yogyakarta,1,45000,Kartu Kredit,4.0
ORD-3800,2026-09-24T00:00:00.000000000,Rumah Tangga,Semarang,5,60000,COD,3.0
ORD-3801,2026-09-01T00:00:00.000000000,Fashion,Semarang,1,20000,E-Wallet,5.0
ORD-3802,2026-09-06T00:00:00.000000000,Olahraga,Yogyakarta,1,200000,Transfer Bank,4.0
ORD-3803,2026-09-19T00:00:00.000000000,Fashion,Semarang,10,200000,COD,5.0
ORD-3804,2026-09-27T00:00:00.000000000,Olahraga,Magelang,6,45000,Kartu Kredit,4.0
ORD-3805,2026-09-14T00:00:00.000000000,Elektronik,Solo,11,45000,Transfer Bank,
ORD-3806,2026-09-03T00:00:00.000000000,Elektronik,Magelang,8,125000,COD,5.0
ORD-3807,2026-09-07T00:00:00.000000000,Kesehatan & Kecantikan,Yogyakarta,11,125000,COD,
ORD-3808,2026-09-23T00:00:00.000000000,Makanan & Minuman,Magelang,9,90000,E-Wallet,4.0
ORD-3809,2026-09-19T00:00:00.000000000,Fashion,Purworejo,4,60000,E-Wallet,5.0
ORD-3810,2026-09-09T00:00:00.000000000,Rumah Tangga,Magelang,1,45000,Kartu Kredit,4.0
ORD-3811,2026-09-08T00:00:00.000000000,Fashion,Semarang,10,350000,Kartu Kredit,4.0
ORD-3812,2026-09-28T00:00:00.000000000,Rumah Tangga,Solo,6,45000,Kartu Kredit,
ORD-3813,2026-09-02T00:00:00.000000000,Olahraga,Solo,10,45000,Transfer Bank,5.0
ORD-3814,2026-09-17T00:00:00.000000000,Fashion,Kebumen,1,125000,E-Wallet,3.0
ORD-3815,2026-09-14T00:00:00.000000000,Olahraga,Kebumen,6,20000,COD,
ORD-3816,2026-09-24T00:00:00.000000000,Rumah Tangga,Semarang,3,90000,E-Wallet,
ORD-3817,2026-09-03T00:00:00.000000000,Olahraga,Magelang,3,90000,Kartu Kredit,4.0
ORD-3818,2026-09-17T00:00:00.000000000,Fashion,Purworejo,8,350000,Kartu Kredit,
ORD-3819,2026-09-26T00:00:00.000000000,Fashion,Semarang,7,90000,Transfer Bank,5.0
ORD-3820,2026-09-24T00:00:00.000000000,Fashion,Kebumen,11,200000,E-Wallet,
ORD-3821,2026-09-11T00:00:00.000000000,Kesehatan & Kecantikan,Yogyakarta,1,350000,Transfer Bank,
ORD-3822,2026-09-26T00:00:00.000000000,Makanan & Minuman,Kebumen,5,125000,Kartu Kredit,3.0
ORD-3823,2026-09-27T00:00:00.000000000,Makanan & Minuman,Yogyakarta,8,125000,E-Wallet,1.0
ORD-3824,2026-09-26T00:00:00.000000000,Kesehatan & Kecantikan,Purworejo,8,125000,Transfer Bank,5.0
ORD-3825,2026-09-18T00:00:00.000000000,Makanan & Minuman,Magelang,6,350000,Kartu Kredit,4.0
ORD-3826,2026-09-12T00:00:00.000000000,Kesehatan & Kecantikan,Magelang,2,20000,Transfer Bank,3.0
ORD-3827,2026-09-25T00:00:00.000000000,Elektronik,Purworejo,7,45000,COD,4.0
ORD-3828,2026-09-02T00:00:00.000000000,Makanan & Minuman,Kebumen,3,200000,Kartu Kredit,5.0
ORD-3829,2026-09-12T00:00:00.000000000,Rumah Tangga,Purworejo,10,200000,E-Wallet,3.0
ORD-3830,2026-09-13T00:00:00.000000000,Rumah Tangga,Purworejo,11,200000,Kartu Kredit,
ORD-3831,2026-09-18T00:00:00.000000000,Olahraga,Magelang,4,60000,Transfer Bank,1.0
ORD-3832,2026-09-11T00:00:00.000000000,Fashion,Magelang,5,90000,Kartu Kredit,4.0
ORD-3833,2026-09-10T00:00:00.000000000,Fashion,Solo,11,20000,E-Wallet,3.0
ORD-3834,2026-09-23T00:00:00.000000000,Makanan & Minuman,Kebumen,3,20000,E-Wallet,5.0
ORD-3835,2026-09-18T00:00:00.000000000,Elektronik,Semarang,2,125000,Kartu Kredit,
ORD-3836,2026-09-25T00:00:00.000000000,Fashion,Solo,4,350000,Kartu Kredit,5.0
ORD-3837,2026-09-16T00:00:00.000000000,Elektronik,Solo,6,45000,COD,4.0
ORD-3838,2026-09-11T00:00:00.000000000,Makanan & Minuman,Yogyakarta,7,90000,Kartu Kredit,4.0
ORD-3839,2026-09-10T00:00:00.000000000,Fashion,Yogyakarta,8,20000,Transfer Bank,4.0
ORD-3840,2026-09-24T00:00:00.000000000,Elektronik,Yogyakarta,7,350000,Kartu Kredit,5.0
ORD-3841,2026-09-13T00:00:00.000000000,Olahraga,Magelang,7,125000,COD,5.0
ORD-3842,2026-09-10T00:00:00.000000000,Kesehatan & Kecantikan,Yogyakarta,6,200000,E-Wallet,5.0
ORD-3843,2026-09-27T00:00:00.000000000,Makanan & Minuman,Purworejo,11,125000,E-Wallet,5.0
ORD-3844,2026-09-03T00:00:00.000000000,Olahraga,Solo,7,90000,Transfer Bank,5.0
ORD-3845,2026-09-30T00:00:00.000000000,Fashion,Solo,8,90000,Kartu Kredit,5.0
ORD-3846,2026-09-18T00:00:00.000000000,Fashion,Purworejo,4,125000,E-Wallet,5.0
ORD-3847,2026-09-11T00:00:00.000000000,Rumah Tangga,Solo,8,125000,E-Wallet,5.0
ORD-3848,2026-09-06T00:00:00.000000000,Kesehatan & Kecantikan,Magelang,2,45000,Kartu Kredit,4.0
ORD-3849,2026-09-02T00:00:00.000000000,Fashion,Semarang,2,45000,E-Wallet,4.0
ORD-3850,2026-09-13T00:00:00.000000000,Rumah Tangga,Magelang,9,200000,E-Wallet,5.0
ORD-3851,2026-09-03T00:00:00.000000000,Rumah Tangga,Purworejo,3,350000,Transfer Bank,4.0
ORD-3852,2026-09-24T00:00:00.000000000,Fashion,Semarang,2,125000,Transfer Bank,5.0
ORD-3853,2026-09-16T00:00:00.000000000,Fashion,Kebumen,4,20000,COD,4.0
ORD-3854,2026-09-29T00:00:00.000000000,Fashion,Purworejo,9,60000,E-Wallet,
ORD-3855,2026-09-25T00:00:00.000000000,Kesehatan & Kecantikan,Purworejo,1,45000,Kartu Kredit,
ORD-3856,2026-09-07T00:00:00.000000000,Makanan & Minuman,Kebumen,11,45000,Kartu Kredit,2.0
ORD-3857,2026-09-10T00:00:00.000000000,Rumah Tangga,Semarang,1,200000,COD,5.0
ORD-3858,2026-09-07T00:00:00.000000000,Fashion,Semarang,2,60000,COD,5.0
ORD-3859,2026-09-29T00:00:00.000000000,Makanan & Minuman,Solo,11,200000,E-Wallet,5.0
ORD-3860,2026-09-27T00:00:00.000000000,Olahraga,Semarang,8,350000,E-Wallet,4.0
ORD-3861,2026-09-04T00:00:00.000000000,Rumah Tangga,Kebumen,9,20000,COD,3.0
ORD-3862,2026-09-22T00:00:00.000000000,Olahraga,Semarang,8,90000,E-Wallet,5.0
ORD-3863,2026-09-30T00:00:00.000000000,Olahraga,Solo,6,125000,E-Wallet,3.0
ORD-3864,2026-09-26T00:00:00.000000000,Rumah Tangga,Kebumen,1,125000,Transfer Bank,3.0
ORD-3865,2026-09-15T00:00:00.000000000,Fashion,Kebumen,10,125000,E-Wallet,5.0
ORD-3866,2026-09-06T00:00:00.000000000,Olahraga,Yogyakarta,7,45000,Kartu Kredit,5.0
ORD-3867,2026-09-28T00:00:00.000000000,Olahraga,Yogyakarta,1,45000,Transfer Bank,5.0
ORD-3868,2026-09-19T00:00:00.000000000,Makanan & Minuman,Solo,6,45000,COD,5.0
ORD-3869,2026-09-30T00:00:00.000000000,Fashion,Yogyakarta,1,60000,COD,5.0
ORD-3870,2026-09-16T00:00:00.000000000,Olahraga,Kebumen,3,200000,Kartu Kredit,
ORD-3871,2026-09-02T00:00:00.000000000,Makanan & Minuman,Magelang,10,90000,Kartu Kredit,
ORD-3872,2026-09-12T00:00:00.000000000,Elektronik,Kebumen,8,20000,E-Wallet,5.0
ORD-3873,2026-09-29T00:00:00.000000000,Elektronik,Semarang,2,350000,Kartu Kredit,4.0
ORD-3874,2026-09-28T00:00:00.000000000,Rumah Tangga,Kebumen,3,45000,COD,5.0
ORD-3875,2026-09-04T00:00:00.000000000,Makanan & Minuman,Magelang,8,200000,E-Wallet,5.0
ORD-3876,2026-09-05T00:00:00.000000000,Kesehatan & Kecantikan,Semarang,5,60000,Kartu Kredit,3.0
ORD-3877,2026-09-27T00:00:00.000000000,Rumah Tangga,Magelang,11,200000,Kartu Kredit,1.0
ORD-3878,2026-09-12T00:00:00.000000000,Rumah Tangga,Magelang,11,350000,Transfer Bank,
ORD-3879,2026-09-05T00:00:00.000000000,Rumah Tangga,Yogyakarta,11,200000,Kartu Kredit,
ORD-3880,2026-09-03T00:00:00.000000000,Rumah Tangga,Solo,2,200000,E-Wallet,3.0
ORD-3881,2026-09-03T00:00:00.000000000,Fashion,Solo,1,60000,E-Wallet,3.0
ORD-3882,2026-09-21T00:00:00.000000000,Rumah Tangga,Yogyakarta,7,90000,Transfer Bank,4.0
ORD-3883,2026-09-30T00:00:00.000000000,Fashion,Semarang,1,60000,Kartu Kredit,5.0
ORD-3884,2026-09-10T00:00:00.000000000,Kesehatan & Kecantikan,Yogyakarta,8,200000,E-Wallet,3.0
ORD-3885,2026-09-18T00:00:00.000000000,Kesehatan & Kecantikan,Yogyakarta,1,45000,Transfer Bank,3.0
ORD-3886,2026-09-13T00:00:00.000000000,Elektronik,Semarang,1,125000,E-Wallet,5.0
ORD-3887,2026-09-03T00:00:00.000000000,Rumah Tangga,Yogyakarta,1,200000,COD,4.0
ORD-3888,2026-09-07T00:00:00.000000000,Rumah Tangga,Yogyakarta,8,45000,E-Wallet,2.0
ORD-3889,2026-09-23T00:00:00.000000000,Makanan & Minuman,Kebumen,6,20000,E-Wallet,4.0
ORD-3890,2026-09-29T00:00:00.000000000,Kesehatan & Kecantikan,Purworejo,4,125000,Transfer Bank,4.0
ORD-3891,2026-09-21T00:00:00.000000000,Kesehatan & Kecantikan,Yogyakarta,4,20000,Kartu Kredit,5.0
ORD-3892,2026-09-02T00:00:00.000000000,Makanan & Minuman,Kebumen,10,20000,COD,1.0
ORD-3893,2026-09-07T00:00:00.000000000,Rumah Tangga,Purworejo,2,200000,COD,5.0
ORD-3894,2026-09-24T00:00:00.000000000,Makanan & Minuman,Solo,1,45000,COD,3.0
ORD-3895,2026-09-23T00:00:00.000000000,Olahraga,Solo,7,350000,E-Wallet,4.0
ORD-3896,2026-09-03T00:00:00.000000000,Makanan & Minuman,Purworejo,8,20000,Transfer Bank,5.0
ORD-3897,2026-09-19T00:00:00.000000000,Fashion,Solo,6,90000,Kartu Kredit,4.0
ORD-3898,2026-09-08T00:00:00.000000000,Rumah Tangga,Solo,5,60000,Transfer Bank,
ORD-3899,2026-09-17T00:00:00.000000000,Rumah Tangga,Purworejo,2,60000,Kartu Kredit,4.0
ORD-3900,2026-09-29T00:00:00.000000000,Fashion,Solo,9,350000,E-Wallet,4.0
ORD-3901,2026-09-30T00:00:00.000000000,Elektronik,Yogyakarta,9,45000,E-Wallet,4.0
ORD-3902,2026-09-14T00:00:00.000000000,Makanan & Minuman,Kebumen,9,350000,Kartu Kredit,5.0
ORD-3903,2026-09-05T00:00:00.000000000,Elektronik,Yogyakarta,2,125000,COD,3.0
ORD-3904,2026-09-20T00:00:00.000000000,Fashion,Yogyakarta,4,125000,Transfer Bank,5.0
ORD-3905,2026-09-07T00:00:00.000000000,Fashion,Kebumen,5,45000,COD,3.0
ORD-3906,2026-09-29T00:00:00.000000000,Makanan & Minuman,Solo,8,200000,COD,5.0
ORD-3907,2026-09-16T00:00:00.000000000,Makanan & Minuman,Magelang,2,200000,Transfer Bank,1.0
ORD-3908,2026-09-25T00:00:00.000000000,Kesehatan & Kecantikan,Solo,10,200000,COD,3.0
ORD-3909,2026-09-02T00:00:00.000000000,Elektronik,Semarang,1,45000,COD,1.0
ORD-3910,2026-09-13T00:00:00.000000000,Fashion,Yogyakarta,3,60000,COD,3.0
ORD-3911,2026-09-14T00:00:00.000000000,Olahraga,Solo,7,60000,E-Wallet,4.0
ORD-3912,2026-09-20T00:00:00.000000000,Rumah Tangga,Semarang,7,200000,Transfer Bank,5.0
ORD-3913,2026-09-24T00:00:00.000000000,Kesehatan & Kecantikan,Kebumen,4,350000,Transfer Bank,1.0
ORD-3914,2026-09-20T00:00:00.000000000,Fashion,Magelang,9,60000,E-Wallet,5.0
ORD-3915,2026-09-10T00:00:00.000000000,Kesehatan & Kecantikan,Yogyakarta,5,60000,Kartu Kredit,5.0
ORD-3916,2026-09-28T00:00:00.000000000,Makanan & Minuman,Yogyakarta,11,60000,Transfer Bank,5.0
ORD-3917,2026-09-24T00:00:00.000000000,Olahraga,Magelang,8,60000,Kartu Kredit,4.0
ORD-3918,2026-09-28T00:00:00.000000000,Fashion,Kebumen,11,125000,Transfer Bank,3.0
ORD-3919,2026-09-10T00:00:00.000000000,Kesehatan & Kecantikan,Purworejo,3,60000,Kartu Kredit,4.0
ORD-3920,2026-09-01T00:00:00.000000000,Rumah Tangga,Solo,6,125000,Transfer Bank,3.0
ORD-3921,2026-09-02T00:00:00.000000000,Olahraga,Solo,3,45000,E-Wallet,5.0
ORD-3922,2026-09-13T00:00:00.000000000,Rumah Tangga,Solo,11,60000,Kartu Kredit,5.0
ORD-3923,2026-09-08T00:00:00.000000000,Makanan & Minuman,Solo,11,90000,Kartu Kredit,
ORD-3924,2026-09-21T00:00:00.000000000,Rumah Tangga,Kebumen,11,45000,COD,4.0
ORD-3925,2026-09-28T00:00:00.000000000,Kesehatan & Kecantikan,Kebumen,2,125000,COD,5.0
ORD-3926,2026-09-06T00:00:00.000000000,Kesehatan & Kecantikan,Solo,6,60000,E-Wallet,4.0
ORD-3927,2026-09-08T00:00:00.000000000,Olahraga,Solo,2,200000,Transfer Bank,4.0
ORD-3928,2026-09-13T00:00:00.000000000,Makanan & Minuman,Magelang,5,90000,COD,
ORD-3929,2026-09-15T00:00:00.000000000,Makanan & Minuman,Semarang,1,45000,COD,
ORD-3930,2026-09-11T00:00:00.000000000,Rumah Tangga,Magelang,8,200000,COD,4.0
ORD-3931,2026-09-19T00:00:00.000000000,Makanan & Minuman,Purworejo,11,350000,Kartu Kredit,3.0
ORD-3932,2026-09-05T00:00:00.000000000,Kesehatan & Kecantikan,Solo,6,350000,E-Wallet,2.0
ORD-3933,2026-09-15T00:00:00.000000000,Rumah Tangga,Magelang,8,45000,E-Wallet,3.0
ORD-3934,2026-09-03T00:00:00.000000000,Elektronik,Magelang,5,45000,COD,4.0
ORD-3935,2026-09-30T00:00:00.000000000,Rumah Tangga,Kebumen,7,90000,Transfer Bank,4.0
ORD-3936,2026-09-22T00:00:00.000000000,Olahraga,Magelang,10,60000,Kartu Kredit,
ORD-3937,2026-09-18T00:00:00.000000000,Olahraga,Purworejo,3,350000,Kartu Kredit,1.0
ORD-3938,2026-09-12T00:00:00.000000000,Rumah Tangga,Yogyakarta,1,45000,Kartu Kredit,5.0
ORD-3939,2026-09-14T00:00:00.000000000,Makanan & Minuman,Yogyakarta,4,350000,COD,4.0
ORD-3940,2026-09-19T00:00:00.000000000,Kesehatan & Kecantikan,Semarang,5,20000,E-Wallet,3.0
ORD-3941,2026-09-03T00:00:00.000000000,Rumah Tangga,Solo,10,350000,Kartu Kredit,3.0
ORD-3942,2026-09-08T00:00:00.000000000,Kesehatan & Kecantikan,Yogyakarta,2,350000,E-Wallet,4.0
ORD-3943,2026-09-07T00:00:00.000000000,Elektronik,Magelang,5,125000,E-Wallet,
ORD-3944,2026-09-20T00:00:00.000000000,Fashion,Kebumen,6,20000,E-Wallet,
ORD-3945,2026-09-14T00:00:00.000000000,Rumah Tangga,Purworejo,8,90000,Transfer Bank,4.0
ORD-3946,2026-09-04T00:00:00.000000000,Rumah Tangga,Semarang,6,60000,COD,4.0
ORD-3947,2026-09-01T00:00:00.000000000,Olahraga,Solo,4,20000,COD,5.0
ORD-3948,2026-09-20T00:00:00.000000000,Kesehatan & Kecantikan,Kebumen,7,60000,Kartu Kredit,1.0
ORD-3949,2026-09-08T00:00:00.000000000,Elektronik,Purworejo,1,200000,Kartu Kredit,5.0
ORD-3950,2026-09-01T00:00:00.000000000,Makanan & Minuman,Magelang,9,350000,COD,
ORD-3951,2026-09-04T00:00:00.000000000,Makanan & Minuman,Magelang,1,90000,COD,5.0
ORD-3952,2026-09-06T00:00:00.000000000,Fashion,Solo,2,200000,E-Wallet,5.0
ORD-3953,2026-09-22T00:00:00.000000000,Makanan & Minuman,Yogyakarta,9,350000,COD,4.0
ORD-3954,2026-09-26T00:00:00.000000000,Fashion,Solo,8,125000,Transfer Bank,4.0
ORD-3955,2026-09-06T00:00:00.000000000,Fashion,Kebumen,5,350000,Kartu Kredit,4.0
ORD-3956,2026-09-12T00:00:00.000000000,Kesehatan & Kecantikan,Yogyakarta,1,90000,Transfer Bank,5.0
ORD-3957,2026-09-26T00:00:00.000000000,Elektronik,Purworejo,7,60000,Transfer Bank,5.0
ORD-3958,2026-09-30T00:00:00.000000000,Fashion,Solo,7,45000,Kartu Kredit,4.0
ORD-3959,2026-09-09T00:00:00.000000000,Elektronik,Semarang,2,60000,Transfer Bank,5.0
ORD-3960,2026-09-15T00:00:00.000000000,Rumah Tangga,Semarang,7,350000,Transfer Bank,4.0
ORD-3961,2026-09-05T00:00:00.000000000,Makanan & Minuman,Semarang,9,20000,Kartu Kredit,5.0
ORD-3962,2026-09-08T00:00:00.000000000,Fashion,Semarang,2,45000,COD,5.0
ORD-3963,2026-09-30T00:00:00.000000000,Makanan & Minuman,Purworejo,3,60000,Transfer Bank,5.0
ORD-3964,2026-09-13T00:00:00.000000000,Rumah Tangga,Kebumen,3,45000,Transfer Bank,4.0
ORD-3965,2026-09-10T00:00:00.000000000,Olahraga,Purworejo,8,350000,Transfer Bank,5.0
ORD-3966,2026-09-19T00:00:00.000000000,Fashion,Semarang,1,45000,Kartu Kredit,3.0
ORD-3967,2026-09-30T00:00:00.000000000,Makanan & Minuman,Solo,3,350000,Transfer Bank,
ORD-3968,2026-09-03T00:00:00.000000000,Fashion,Purworejo,8,45000,Kartu Kredit,4.0
ORD-3969,2026-09-10T00:00:00.000000000,Makanan & Minuman,Purworejo,1,350000,E-Wallet,
ORD-3970,2026-09-22T00:00:00.000000000,Olahraga,Yogyakarta,8,200000,COD,
ORD-3971,2026-09-22T00:00:00.000000000,Olahraga,Purworejo,2,20000,COD,5.0
ORD-3972,2026-09-16T00:00:00.000000000,Fashion,Yogyakarta,5,125000,Kartu Kredit,5.0
ORD-3973,2026-09-03T00:00:00.000000000,Rumah Tangga,Yogyakarta,4,200000,E-Wallet,5.0
ORD-3974,2026-09-29T00:00:00.000000000,Makanan & Minuman,Kebumen,6,90000,E-Wallet,
ORD-3975,2026-09-06T00:00:00.000000000,Makanan & Minuman,Kebumen,10,20000,Transfer Bank,4.0
ORD-3976,2026-09-05T00:00:00.000000000,Rumah Tangga,Yogyakarta,10,45000,Transfer Bank,4.0
ORD-3977,2026-09-22T00:00:00.000000000,Elektronik,Magelang,9,125000,E-Wallet,4.0
ORD-3978,2026-09-13T00:00:00.000000000,Rumah Tangga,Semarang,7,125000,E-Wallet,5.0
ORD-3979,2026-09-01T00:00:00.000000000,Fashion,Kebumen,9,125000,Kartu Kredit,5.0
ORD-3980,2026-09-15T00:00:00.000000000,Makanan & Minuman,Yogyakarta,9,200000,COD,5.0
ORD-3981,2026-09-15T00:00:00.000000000,Rumah Tangga,Magelang,11,20000,Kartu Kredit,
ORD-3982,2026-09-21T00:00:00.000000000,Kesehatan & Kecantikan,Magelang,1,200000,COD,
ORD-3983,2026-09-08T00:00:00.000000000,Kesehatan & Kecantikan,Solo,1,350000,COD,
ORD-3984,2026-09-08T00:00:00.000000000,Makanan & Minuman,Yogyakarta,3,20000,COD,
ORD-3985,2026-09-06T00:00:00.000000000,Elektronik,Yogyakarta,4,350000,COD,5.0
ORD-3986,2026-09-16T00:00:00.000000000,Olahraga,Magelang,4,45000,E-Wallet,5.0
ORD-3987,2026-09-15T00:00:00.000000000,Olahraga,Semarang,7,200000,E-Wallet,3.0
ORD-3988,2026-09-01T00:00:00.000000000,Kesehatan & Kecantikan,Kebumen,9,350000,Kartu Kredit,4.0
ORD-3989,2026-09-09T00:00:00.000000000,Elektronik,Solo,10,90000,Transfer Bank,5.0
ORD-3990,2026-09-14T00:00:00.000000000,Elektronik,Yogyakarta,1,350000,Kartu Kredit,4.0
ORD-3991,2026-09-09T00:00:00.000000000,Elektronik,Purworejo,7,90000,COD,4.0
ORD-3992,2026-09-14T00:00:00.000000000,Makanan & Minuman,Purworejo,3,350000,COD,
ORD-3993,2026-09-14T00:00:00.000000000,Olahraga,Semarang,11,90000,Transfer Bank,
ORD-3994,2026-09-29T00:00:00.000000000,Makanan & Minuman,Yogyakarta,3,350000,COD,
ORD-3995,2026-09-28T00:00:00.000000000,Kesehatan & Kecantikan,Yogyakarta,10,45000,Transfer Bank,3.0
ORD-3996,2026-09-06T00:00:00.000000000,Kesehatan & Kecantikan,Yogyakarta,10,200000,Transfer Bank,5.0
ORD-3997,2026-09-21T00:00:00.000000000,Fashion,Purworejo,1,200000,Kartu Kredit,1.0
ORD-3998,2026-09-06T00:00:00.000000000,Olahraga,Purworejo,11,125000,Kartu Kredit,4.0
ORD-3999,2026-09-16T00:00:00.000000000,Olahraga,Magelang,11,20000,COD,4.0
