trx_id,cabang_id,menu_id,qty
KN0,1,14,4
KN1,1,11,4
KN2,1,11,3
KN3,3,11,1
KN4,2,12,4
KN5,2,14,3
KN6,3,4,2
KN7,3,8,4
KN8,3,9,4
KN9,2,10,2
KN10,1,3,1
KN11,1,11,2
KN12,3,10,3
KN13,2,13,3
KN14,1,15,4
KN15,3,12,1
KN16,3,11,3
KN17,3,14,4
KN18,3,14,3
KN19,2,9,4
KN20,3,4,3
KN21,1,15,1
KN22,2,11,1
KN23,1,10,4
KN24,3,8,2
KN25,1,6,2
KN26,3,6,1
KN27,2,14,2
KN28,3,1,3
KN29,1,1,2
KN30,3,4,1
KN31,3,3,3
KN32,1,11,3
KN33,3,9,1
KN34,2,2,1
KN35,3,11,1
KN36,2,8,2
KN37,2,10,1
KN38,3,10,1
KN39,1,15,4
KN40,1,14,2
KN41,2,11,2
KN42,1,15,1
KN43,3,10,4
KN44,2,7,4
KN45,2,8,3
KN46,1,12,4
KN47,2,7,1
KN48,2,3,2
KN49,1,3,3
KN50,1,15,4
KN51,2,15,1
KN52,3,13,1
KN53,2,3,1
KN54,2,7,2
KN55,2,1,3
KN56,3,8,1
KN57,1,7,2
KN58,3,7,1
KN59,3,8,4
KN60,2,14,4
KN61,3,1,3
KN62,3,2,2
KN63,2,14,4
KN64,3,3,2
KN65,1,11,2
KN66,3,12,2
KN67,3,15,1
KN68,2,4,4
KN69,2,3,2
KN70,3,5,4
KN71,3,14,3
KN72,1,2,2
KN73,2,7,2
KN74,2,7,2
KN75,1,14,2
KN76,2,15,3
KN77,1,7,2
KN78,2,8,2
KN79,3,1,4
KN80,3,14,4
KN81,1,12,2
KN82,2,7,1
KN83,2,12,2
KN84,2,2,3
KN85,1,9,1
KN86,2,10,2
KN87,2,15,3
KN88,1,15,3
KN89,3,8,2
KN90,2,7,4
KN91,3,1,1
KN92,1,1,1
KN93,2,1,3
KN94,1,3,2
KN95,3,7,2
KN96,1,9,3
KN97,1,11,2
KN98,3,9,4
KN99,1,5,2
KN100,3,4,3
KN101,2,13,1
KN102,1,6,3
KN103,1,9,3
KN104,1,7,2
KN105,1,11,3
KN106,1,10,3
KN107,1,15,4
KN108,2,14,1
KN109,1,11,4
KN110,1,1,4
KN111,1,13,3
KN112,3,3,3
KN113,3,8,4
KN114,2,5,1
KN115,2,11,1
KN116,1,10,4
KN117,3,1,3
KN118,3,8,1
KN119,2,15,1
KN120,3,4,3
KN121,3,12,2
KN122,1,6,1
KN123,3,8,2
KN124,1,1,2
KN125,1,1,1
KN126,2,7,2
KN127,3,11,4
KN128,2,13,1
KN129,2,15,4
KN130,1,15,4
KN131,2,9,1
KN132,2,5,3
KN133,3,12,4
KN134,1,15,1
KN135,2,14,3
KN136,2,14,2
KN137,1,12,3
KN138,3,9,4
KN139,2,11,1
KN140,2,1,2
KN141,3,10,4
KN142,2,13,1
KN143,3,11,2
KN144,3,8,2
KN145,3,14,4
KN146,2,8,2
KN147,2,3,3
KN148,3,3,3
KN149,3,3,4
KN150,3,11,4
KN151,2,10,1
KN152,2,14,4
KN153,3,3,1
KN154,3,4,2
KN155,1,12,4
KN156,1,13,2
KN157,3,9,2
KN158,2,13,4
KN159,3,7,3
KN160,3,12,1
KN161,2,2,3
KN162,2,14,3
KN163,3,1,3
KN164,3,10,3
KN165,2,10,4
KN166,3,1,4
KN167,1,12,3
KN168,1,14,1
KN169,1,14,1
KN170,1,3,4
KN171,2,15,3
KN172,1,14,3
KN173,1,8,2
KN174,1,13,1
KN175,2,4,4
KN176,3,2,1
KN177,2,4,1
KN178,2,12,1
KN179,2,14,1
KN180,1,5,3
KN181,2,7,3
KN182,1,12,3
KN183,3,2,3
KN184,3,7,4
KN185,1,3,4
KN186,1,15,2
KN187,3,13,3
KN188,2,14,3
KN189,2,9,2
KN190,2,14,2
KN191,2,1,2
KN192,2,15,4
KN193,3,8,1
KN194,3,4,4
KN195,2,12,2
KN196,3,12,2
KN197,1,15,2
KN198,2,13,2
KN199,1,4,1
KN200,2,15,1
KN201,2,12,2
KN202,3,1,3
KN203,2,14,2
KN204,3,9,1
KN205,1,6,1
KN206,3,5,2
KN207,2,5,1
KN208,2,11,4
KN209,1,4,2
KN210,2,11,1
KN211,1,6,4
KN212,3,9,1
KN213,1,3,1
KN214,2,5,4
KN215,2,1,2
KN216,3,1,2
KN217,1,10,3
KN218,1,9,2
KN219,1,3,3
KN220,2,2,4
KN221,1,9,4
KN222,2,8,1
KN223,1,3,1
KN224,2,12,1
KN225,3,13,2
KN226,3,12,3
KN227,3,10,1
KN228,1,14,4
KN229,2,11,1
KN230,1,9,4
KN231,1,10,3
KN232,3,5,2
KN233,1,3,4
KN234,3,11,4
KN235,2,6,1
KN236,1,8,4
KN237,3,5,1
KN238,3,5,3
KN239,1,14,2
KN240,3,4,3
KN241,2,9,4
KN242,1,9,4
KN243,2,2,2
KN244,1,1,4
KN245,2,14,1
KN246,3,11,3
KN247,3,7,4
KN248,3,9,2
KN249,3,1,2
KN250,3,15,1
KN251,3,9,2
KN252,2,8,1
KN253,1,2,4
KN254,1,3,1
KN255,2,5,1
KN256,2,13,1
KN257,3,11,2
KN258,3,4,4
KN259,2,1,2
KN260,2,4,2
KN261,3,9,3
KN262,1,7,4
KN263,2,12,3
KN264,3,11,1
KN265,2,2,3
KN266,3,10,4
KN267,3,13,1
KN268,2,12,1
KN269,2,5,4
KN270,2,9,1
KN271,2,5,4
KN272,2,12,3
KN273,2,4,4
KN274,2,4,3
KN275,2,9,4
KN276,2,5,1
KN277,2,5,3
KN278,2,15,1
KN279,3,14,2
KN280,3,13,4
KN281,2,15,2
KN282,2,5,3
KN283,2,14,3
KN284,1,5,2
KN285,3,11,1
KN286,1,11,3
KN287,3,13,2
KN288,1,4,2
KN289,3,10,3
KN290,1,2,1
KN291,1,3,3
KN292,3,9,1
KN293,3,1,1
KN294,3,6,4
KN295,2,15,1
KN296,3,3,2
KN297,2,12,4
KN298,1,1,3
KN299,1,14,2
KN300,3,12,2
KN301,3,5,2
KN302,2,3,3
KN303,3,10,2
KN304,2,6,1
KN305,3,3,4
KN306,2,13,4
KN307,1,9,1
KN308,2,5,4
KN309,2,13,4
KN310,2,12,4
KN311,3,12,4
KN312,3,10,1
KN313,3,9,2
KN314,1,6,3
KN315,3,14,2
KN316,2,10,4
KN317,2,2,4
KN318,3,12,1
KN319,3,6,2
KN320,1,10,2
KN321,2,10,3
KN322,1,14,2
KN323,1,12,3
KN324,3,5,1
KN325,3,5,1
KN326,2,4,4
KN327,3,11,3
KN328,2,8,3
KN329,2,5,3
KN330,1,9,2
KN331,3,4,1
KN332,3,3,3
KN333,2,10,1
KN334,1,2,3
KN335,3,14,1
KN336,3,12,2
KN337,3,14,4
KN338,3,10,4
KN339,3,12,2
KN340,1,14,3
KN341,3,15,3
KN342,2,9,4
KN343,1,2,2
KN344,3,14,4
KN345,2,7,4
KN346,1,1,2
KN347,3,12,4
KN348,3,14,2
KN349,2,14,1
KN350,3,7,2
KN351,1,15,4
KN352,3,2,2
KN353,1,5,2
KN354,2,12,4
KN355,2,1,4
KN356,1,8,1
KN357,1,6,2
KN358,2,10,3
KN359,1,6,4
KN360,3,5,2
KN361,2,3,1
KN362,2,4,4
KN363,1,4,2
KN364,1,15,4
KN365,1,4,3
KN366,1,15,2
KN367,2,10,2
KN368,3,12,2
KN369,2,13,2
KN370,2,14,1
KN371,3,13,3
KN372,1,14,3
KN373,1,4,4
KN374,2,12,1
KN375,1,11,3
KN376,2,10,2
KN377,2,15,1
KN378,1,6,2
KN379,1,1,4
KN380,1,8,2
KN381,1,12,3
KN382,1,1,4
KN383,3,8,3
KN384,1,14,4
KN385,3,15,2
KN386,2,7,2
KN387,2,9,1
KN388,1,8,1
KN389,3,14,1
KN390,1,4,2
KN391,1,1,2
KN392,2,13,4
KN393,2,14,2
KN394,1,6,3
KN395,3,11,2
KN396,2,10,2
KN397,2,11,2
KN398,2,5,3
KN399,3,8,1
KN400,3,11,2
KN401,3,1,2
KN402,2,14,2
KN403,2,1,3
KN404,2,1,2
KN405,3,8,1
KN406,3,15,3
KN407,3,11,1
KN408,2,15,1
KN409,2,3,2
KN410,2,9,2
KN411,1,7,3
KN412,1,5,4
KN413,3,14,4
KN414,3,7,4
KN415,2,12,4
KN416,3,2,1
KN417,3,5,4
KN418,2,1,3
KN419,2,13,1
KN420,3,13,2
KN421,1,6,4
KN422,2,14,4
KN423,1,15,4
KN424,3,7,4
KN425,3,3,3
KN426,2,4,3
KN427,1,12,1
KN428,3,2,2
KN429,1,15,4
KN430,3,8,2
KN431,3,14,4
KN432,1,3,1
KN433,3,4,3
KN434,1,4,2
KN435,1,2,2
KN436,2,15,1
KN437,3,2,4
KN438,2,5,4
KN439,1,12,2
KN440,3,11,2
KN441,3,5,3
KN442,1,9,1
KN443,1,13,4
KN444,3,6,1
KN445,1,12,1
KN446,2,15,4
KN447,3,2,4
KN448,1,11,2
KN449,2,8,4
KN450,2,10,3
KN451,1,9,4
KN452,1,1,1
KN453,2,9,4
KN454,3,11,3
KN455,1,14,4
KN456,3,12,4
KN457,1,4,4
KN458,1,4,3
KN459,1,9,4
KN460,1,8,2
KN461,2,2,1
KN462,3,2,3
KN463,3,5,2
KN464,3,7,1
KN465,1,2,3
KN466,2,1,4
KN467,3,5,2
KN468,1,15,2
KN469,1,13,2
KN470,1,7,4
KN471,3,7,4
KN472,2,5,2
KN473,3,10,4
KN474,3,4,4
KN475,3,6,2
KN476,1,3,3
KN477,2,4,4
KN478,2,10,2
KN479,2,4,4
KN480,3,8,2
KN481,1,2,1
KN482,3,9,2
KN483,3,5,1
KN484,1,15,1
KN485,2,15,2
KN486,1,3,3
KN487,2,4,1
KN488,3,8,4
KN489,1,6,1
KN490,2,12,1
KN491,1,4,4
KN492,1,5,1
KN493,2,11,1
KN494,2,7,2
KN495,3,12,3
KN496,1,7,4
KN497,2,6,4
KN498,2,1,3
KN499,2,11,4
KN500,1,14,1
KN501,2,1,2
KN502,1,12,1
KN503,2,1,2
KN504,2,4,3
KN505,1,5,3
KN506,3,11,4
KN507,1,13,3
KN508,3,10,2
KN509,3,5,1
KN510,2,2,4
KN511,1,14,3
KN512,3,2,1
KN513,1,9,1
KN514,3,6,4
KN515,1,6,3
KN516,3,7,1
KN517,2,5,1
KN518,2,14,1
KN519,1,3,4
KN520,3,10,2
KN521,3,3,4
KN522,3,1,2
KN523,2,4,3
KN524,3,10,3
KN525,1,6,2
KN526,3,4,2
KN527,1,9,4
KN528,3,5,1
KN529,3,7,3
KN530,1,11,4
KN531,1,2,3
KN532,1,14,2
KN533,2,6,2
KN534,3,2,4
KN535,1,7,2
KN536,3,8,4
KN537,1,13,4
KN538,2,8,1
KN539,3,8,1
KN540,2,12,1
KN541,3,12,2
KN542,1,3,3
KN543,1,3,3
KN544,1,12,1
KN545,2,9,1
KN546,1,10,3
KN547,1,10,2
KN548,1,5,1
KN549,2,5,2
KN550,2,15,2
KN551,3,9,2
KN552,3,10,3
KN553,1,5,3
KN554,1,13,2
KN555,1,9,4
KN556,1,10,3
KN557,1,8,4
KN558,2,1,2
KN559,2,10,3
KN560,1,10,2
KN561,3,5,3
KN562,2,8,1
KN563,2,6,1
KN564,1,7,4
KN565,2,5,2
KN566,3,3,4
KN567,3,1,2
KN568,3,12,2
KN569,2,7,2
KN570,2,12,1
KN571,1,11,4
KN572,3,9,1
KN573,2,14,1
KN574,3,10,1
KN575,2,5,1
KN576,2,9,1
KN577,2,8,2
KN578,2,5,1
KN579,2,10,2
KN580,1,13,3
KN581,3,4,3
KN582,1,9,3
KN583,3,13,3
KN584,2,11,2
KN585,2,9,4
KN586,3,4,4
KN587,2,12,1
KN588,2,12,4
KN589,3,9,4
KN590,2,6,1
KN591,2,13,4
KN592,1,6,1
KN593,2,13,2
KN594,1,8,1
KN595,3,3,2
KN596,3,6,3
KN597,3,15,4
KN598,3,10,3
KN599,2,14,2
KN600,2,8,3
KN601,2,11,4
KN602,3,1,2
KN603,3,6,3
KN604,3,7,2
KN605,1,3,3
KN606,2,5,2
KN607,3,14,2
KN608,1,13,3
KN609,3,9,2
KN610,2,5,4
KN611,3,10,3
KN612,1,6,4
KN613,2,12,1
KN614,2,7,3
KN615,1,7,3
KN616,1,3,1
KN617,2,1,1
KN618,3,11,3
KN619,2,7,1
KN620,2,12,3
KN621,1,14,3
KN622,3,1,1
KN623,2,8,4
KN624,3,5,2
KN625,1,12,2
KN626,3,13,3
KN627,3,5,1
KN628,2,7,1
KN629,2,15,2
KN630,1,3,2
KN631,1,8,3
KN632,2,2,3
KN633,2,6,4
KN634,1,4,3
KN635,3,5,1
KN636,1,13,4
KN637,1,9,2
KN638,3,13,4
KN639,2,10,3
KN640,2,12,1
KN641,2,5,4
KN642,3,8,3
KN643,3,9,1
KN644,3,8,4
KN645,2,6,2
KN646,1,6,3
KN647,3,9,3
KN648,3,8,2
KN649,1,3,1
KN650,3,12,2
KN651,3,5,2
KN652,2,6,3
KN653,1,8,3
KN654,3,5,4
KN655,2,12,3
KN656,2,7,1
KN657,1,8,2
KN658,2,8,4
KN659,1,6,4
KN660,1,2,1
KN661,2,4,2
KN662,2,6,3
KN663,2,15,1
KN664,3,8,3
KN665,2,3,4
KN666,2,11,3
KN667,3,11,2
KN668,1,11,4
KN669,1,5,1
KN670,3,3,3
KN671,3,1,4
KN672,3,12,1
KN673,2,13,4
KN674,3,11,1
KN675,2,13,2
KN676,1,1,4
KN677,2,13,3
KN678,1,12,4
KN679,2,12,4
KN680,1,1,4
KN681,2,10,4
KN682,3,8,2
KN683,2,7,2
KN684,3,3,4
KN685,1,14,1
KN686,3,6,4
KN687,1,10,1
KN688,2,1,3
KN689,1,6,2
KN690,3,1,1
KN691,3,5,3
KN692,1,5,3
KN693,3,2,3
KN694,2,5,3
KN695,1,4,1
KN696,2,10,1
KN697,2,13,1
KN698,2,4,1
KN699,2,7,4
KN700,3,8,1
KN701,3,7,2
KN702,2,11,1
KN703,3,2,2
KN704,2,6,4
KN705,3,12,2
KN706,2,2,2
KN707,3,15,4
KN708,2,2,1
KN709,2,4,4
KN710,2,15,1
KN711,2,1,2
KN712,3,3,1
KN713,1,15,1
KN714,3,1,1
KN715,3,12,2
KN716,1,5,2
KN717,2,15,1
KN718,1,10,3
KN719,3,2,3
KN720,3,6,1
KN721,2,12,4
KN722,1,6,4
KN723,1,4,1
KN724,3,12,2
KN725,1,4,4
KN726,3,10,4
KN727,2,3,1
KN728,1,12,2
KN729,2,9,1
KN730,2,7,1
KN731,2,12,2
KN732,2,2,3
KN733,3,12,2
KN734,1,11,4
KN735,1,2,4
KN736,2,5,2
KN737,1,14,1
KN738,2,10,3
KN739,1,15,3
KN740,2,14,4
KN741,2,9,4
KN742,3,15,2
KN743,1,7,4
KN744,3,13,3
KN745,3,9,4
KN746,1,5,1
KN747,3,9,1
KN748,2,8,1
KN749,2,3,4
KN750,1,5,4
KN751,2,13,4
KN752,1,5,2
KN753,3,1,4
KN754,2,6,4
KN755,3,8,2
KN756,2,6,2
KN757,2,13,1
KN758,1,14,3
KN759,1,15,1
KN760,1,5,3
KN761,1,6,3
KN762,3,9,1
KN763,1,11,4
KN764,3,10,1
KN765,2,5,4
KN766,3,7,2
KN767,2,1,3
KN768,2,8,4
KN769,3,4,3
KN770,1,3,3
KN771,3,13,2
KN772,3,13,4
KN773,2,14,1
KN774,2,13,2
KN775,1,4,4
KN776,1,4,1
KN777,1,15,4
KN778,2,15,3
KN779,1,7,2
KN780,3,6,2
KN781,3,13,1
KN782,1,6,2
KN783,1,11,4
KN784,3,2,3
KN785,1,12,4
KN786,2,13,3
KN787,2,7,1
KN788,3,7,1
KN789,2,9,2
KN790,2,5,2
KN791,2,5,2
KN792,2,11,3
KN793,1,10,1
KN794,2,6,1
KN795,3,4,4
KN796,1,8,2
KN797,3,1,3
KN798,2,11,3
KN799,1,3,3
KN800,1,15,2
KN801,1,14,1
KN802,2,6,2
KN803,3,8,4
KN804,1,3,2
KN805,3,8,2
KN806,3,3,2
KN807,1,3,2
KN808,2,14,1
KN809,2,6,3
KN810,3,15,2
KN811,1,6,1
KN812,3,7,2
KN813,3,6,4
KN814,2,3,1
KN815,2,10,1
KN816,2,10,1
KN817,1,9,4
KN818,1,3,2
KN819,1,4,1
KN820,1,11,3
KN821,2,9,4
KN822,3,14,1
KN823,2,9,3
KN824,3,9,3
KN825,1,15,4
KN826,1,1,1
KN827,2,14,4
KN828,1,4,3
KN829,2,7,3
KN830,3,13,4
KN831,1,10,3
KN832,3,1,2
KN833,2,8,1
KN834,2,4,4
KN835,3,10,3
KN836,1,9,3
KN837,1,15,2
KN838,2,7,4
KN839,2,6,1
KN840,2,11,4
KN841,1,14,2
KN842,3,9,3
KN843,3,15,1
KN844,1,14,1
KN845,3,11,1
KN846,2,9,2
KN847,3,10,1
KN848,2,15,4
KN849,2,5,3
KN850,1,8,4
KN851,3,4,3
KN852,3,3,1
KN853,2,5,4
KN854,1,4,1
KN855,1,8,1
KN856,3,8,2
KN857,1,3,2
KN858,3,4,2
KN859,2,8,4
KN860,2,11,4
KN861,3,6,4
KN862,1,12,2
KN863,2,1,3
KN864,3,8,4
KN865,2,4,2
KN866,3,2,4
KN867,1,15,4
KN868,2,9,1
KN869,2,3,4
KN870,2,6,1
KN871,1,13,2
KN872,1,6,3
KN873,2,4,4
KN874,1,8,3
KN875,1,7,4
KN876,3,6,3
KN877,3,15,2
KN878,3,5,2
KN879,2,1,4
KN880,3,4,2
KN881,1,1,2
KN882,2,10,1
KN883,2,12,1
KN884,1,14,3
KN885,3,6,3
KN886,3,13,2
KN887,3,11,4
KN888,2,9,4
KN889,2,15,2
KN890,3,2,3
KN891,3,9,2
KN892,2,5,1
KN893,1,5,4
KN894,1,4,4
KN895,2,5,3
KN896,3,9,4
KN897,3,9,3
KN898,3,12,1
KN899,1,2,2
KN900,3,6,3
KN901,1,2,2
KN902,1,5,4
KN903,3,14,1
KN904,3,11,4
KN905,1,10,2
KN906,2,11,3
KN907,1,7,1
KN908,1,6,2
KN909,3,2,1
KN910,1,7,1
KN911,1,7,3
KN912,2,3,4
KN913,1,15,4
KN914,1,1,4
KN915,1,13,4
KN916,2,8,2
KN917,3,8,2
KN918,1,13,1
KN919,3,3,2
KN920,1,7,1
KN921,3,13,1
KN922,2,10,3
KN923,1,6,4
KN924,2,2,1
KN925,3,4,3
KN926,1,8,2
KN927,1,4,4
KN928,2,9,2
KN929,2,3,3
KN930,1,14,1
KN931,3,4,1
KN932,3,15,3
KN933,1,10,4
KN934,3,1,2
KN935,1,3,4
KN936,3,6,2
KN937,2,6,4
KN938,2,8,1
KN939,3,7,3
KN940,2,3,3
KN941,1,3,4
KN942,2,7,3
KN943,1,6,1
KN944,1,13,2
KN945,3,12,1
KN946,2,15,2
KN947,2,4,3
KN948,3,13,3
KN949,1,13,2
KN950,3,10,4
KN951,3,2,3
KN952,2,3,1
KN953,1,13,1
KN954,1,3,4
KN955,1,6,4
KN956,3,9,3
KN957,3,12,4
KN958,3,9,1
KN959,3,10,1
KN960,1,14,3
KN961,2,2,1
KN962,1,6,1
KN963,1,2,1
KN964,1,12,2
KN965,1,2,1
KN966,3,13,1
KN967,1,12,3
KN968,1,13,4
KN969,2,9,3
KN970,1,11,3
KN971,2,11,3
KN972,1,13,3
KN973,1,2,4
KN974,3,4,3
KN975,2,5,3
KN976,1,12,3
KN977,3,11,1
KN978,2,8,1
KN979,1,3,1
KN980,3,11,1
KN981,1,7,2
KN982,2,2,1
KN983,2,5,2
KN984,3,2,2
KN985,1,11,1
KN986,2,3,3
KN987,1,8,1
KN988,2,9,2
KN989,3,14,2
KN990,1,13,2
KN991,3,8,1
KN992,3,3,1
KN993,2,13,4
KN994,3,3,2
KN995,3,9,1
KN996,1,8,4
KN997,1,13,2
KN998,3,4,2
KN999,2,13,1
KN1000,1,15,2
KN1001,3,13,3
KN1002,1,1,2
KN1003,2,10,1
KN1004,2,12,1
KN1005,1,11,3
KN1006,1,6,2
KN1007,3,5,3
KN1008,1,3,3
KN1009,3,1,3
KN1010,3,1,4
KN1011,1,4,4
KN1012,2,11,3
KN1013,3,1,1
KN1014,3,5,2
KN1015,1,11,4
KN1016,1,2,3
KN1017,2,12,4
KN1018,1,2,4
KN1019,3,11,4
KN1020,1,9,4
KN1021,3,2,3
KN1022,1,4,1
KN1023,1,7,2
KN1024,1,4,2
KN1025,1,15,2
KN1026,2,2,4
KN1027,3,11,4
KN1028,2,8,4
KN1029,1,9,4
KN1030,2,14,4
KN1031,1,11,3
KN1032,3,8,1
KN1033,3,7,4
KN1034,2,3,3
KN1035,2,4,4
KN1036,3,2,2
KN1037,1,12,4
KN1038,1,15,3
KN1039,3,13,3
KN1040,2,2,3
KN1041,1,10,1
KN1042,1,5,2
KN1043,3,1,2
KN1044,2,10,3
KN1045,1,13,3
KN1046,2,15,4
KN1047,2,14,3
KN1048,2,1,3
KN1049,1,14,3
KN1050,2,6,3
KN1051,1,13,2
KN1052,3,2,1
KN1053,1,1,2
KN1054,1,12,4
KN1055,3,7,3
KN1056,1,2,3
KN1057,1,9,2
KN1058,3,10,4
KN1059,3,15,2
KN1060,1,14,2
KN1061,1,8,2
KN1062,1,2,3
KN1063,3,9,1
KN1064,1,7,1
KN1065,1,4,3
KN1066,2,11,1
KN1067,2,2,3
KN1068,1,13,4
KN1069,3,13,3
KN1070,3,2,1
KN1071,1,9,1
KN1072,3,10,3
KN1073,1,7,3
KN1074,1,14,4
KN1075,3,14,2
KN1076,1,5,1
KN1077,3,12,4
KN1078,2,10,1
KN1079,1,12,4
KN1080,2,11,1
KN1081,1,1,2
KN1082,3,7,2
KN1083,2,15,4
KN1084,2,11,4
KN1085,2,1,3
KN1086,2,15,2
KN1087,3,3,1
KN1088,1,2,4
KN1089,3,12,4
KN1090,2,2,1
KN1091,1,2,2
KN1092,2,12,4
KN1093,2,13,4
KN1094,1,14,4
KN1095,2,9,2
KN1096,2,7,2
KN1097,3,1,2
KN1098,2,5,2
KN1099,2,2,3
KN1100,3,10,1
KN1101,2,7,3
KN1102,3,11,4
KN1103,3,8,1
KN1104,3,10,4
KN1105,1,12,3
KN1106,2,9,3
KN1107,3,13,1
KN1108,3,5,1
KN1109,3,6,3
KN1110,1,9,2
KN1111,2,13,4
KN1112,2,14,3
KN1113,2,10,3
KN1114,3,7,1
KN1115,2,15,3
KN1116,3,14,1
KN1117,2,4,2
KN1118,2,7,2
KN1119,2,2,1
KN1120,1,10,4
KN1121,1,1,1
KN1122,2,3,3
KN1123,2,5,1
KN1124,2,11,2
KN1125,2,5,1
KN1126,3,4,4
KN1127,1,8,1
KN1128,2,12,1
KN1129,1,7,2
KN1130,3,6,2
KN1131,1,14,3
KN1132,2,6,3
KN1133,2,15,4
KN1134,3,6,1
KN1135,2,4,2
KN1136,2,7,1
KN1137,2,11,1
KN1138,2,1,4
KN1139,2,2,2
KN1140,1,4,1
KN1141,3,12,2
KN1142,1,7,1
KN1143,2,14,1
KN1144,3,4,4
KN1145,3,2,1
KN1146,1,12,4
KN1147,3,2,1
KN1148,1,3,2
KN1149,2,10,1
KN1150,1,12,2
KN1151,1,12,3
KN1152,1,13,1
KN1153,2,2,4
KN1154,1,4,3
KN1155,3,14,4
KN1156,1,10,1
KN1157,3,14,4
KN1158,3,12,4
KN1159,2,14,2
KN1160,1,12,2
KN1161,1,1,3
KN1162,3,6,1
KN1163,3,5,4
KN1164,3,9,4
KN1165,1,12,4
KN1166,2,1,2
KN1167,1,7,1
KN1168,3,10,4
KN1169,2,15,2
KN1170,2,15,2
KN1171,1,5,2
KN1172,1,10,4
KN1173,3,12,4
KN1174,2,1,1
KN1175,2,5,1
KN1176,1,7,3
KN1177,2,15,4
KN1178,1,7,1
KN1179,2,4,3
KN1180,1,8,1
KN1181,3,7,4
KN1182,3,8,3
KN1183,2,4,3
KN1184,1,12,4
KN1185,1,5,4
KN1186,3,5,2
KN1187,1,5,2
KN1188,2,2,3
KN1189,3,1,1
KN1190,3,4,4
KN1191,3,8,1
KN1192,2,12,1
KN1193,1,4,4
KN1194,1,5,2
KN1195,2,9,2
KN1196,1,1,3
KN1197,2,7,1
KN1198,3,3,4
KN1199,2,3,2
KN1200,3,11,1
KN1201,3,12,2
KN1202,1,8,4
KN1203,1,12,4
KN1204,1,8,2
KN1205,1,1,3
KN1206,1,4,1
KN1207,1,11,2
KN1208,1,5,2
KN1209,3,9,3
KN1210,3,7,1
KN1211,2,12,2
KN1212,1,9,3
KN1213,2,15,1
KN1214,1,9,2
KN1215,1,11,3
KN1216,3,10,3
KN1217,3,13,4
KN1218,2,1,2
KN1219,3,4,2
KN1220,2,15,4
KN1221,1,15,2
KN1222,1,2,4
KN1223,1,4,2
KN1224,3,4,2
KN1225,3,3,4
KN1226,3,13,1
KN1227,3,10,4
KN1228,3,6,2
KN1229,2,4,3
KN1230,1,6,3
KN1231,3,2,2
KN1232,2,15,2
KN1233,1,13,2
KN1234,1,4,1
KN1235,3,13,4
KN1236,1,14,1
KN1237,3,9,2
KN1238,1,4,3
KN1239,1,1,4
KN1240,2,15,2
KN1241,2,12,4
KN1242,2,15,4
KN1243,3,2,3
KN1244,3,6,2
KN1245,2,10,2
KN1246,2,14,2
KN1247,3,12,1
KN1248,3,10,2
KN1249,1,3,3
KN1250,3,1,1
KN1251,3,8,2
KN1252,1,14,4
KN1253,1,4,3
KN1254,3,12,1
KN1255,2,15,3
KN1256,2,12,4
KN1257,2,10,2
KN1258,2,6,3
KN1259,2,6,2
KN1260,1,6,3
KN1261,2,8,3
KN1262,1,3,3
KN1263,1,13,4
KN1264,3,14,3
KN1265,3,11,3
KN1266,3,7,1
KN1267,3,13,4
KN1268,1,7,3
KN1269,2,10,3
KN1270,3,5,3
KN1271,1,13,2
KN1272,2,11,3
KN1273,3,6,1
KN1274,2,9,1
KN1275,3,2,1
KN1276,1,11,3
KN1277,2,1,2
KN1278,3,2,1
KN1279,1,13,2
KN1280,1,13,4
KN1281,2,9,2
KN1282,2,7,3
KN1283,3,8,4
KN1284,3,1,2
KN1285,2,15,3
KN1286,2,1,2
KN1287,2,7,3
KN1288,2,5,4
KN1289,1,5,3
KN1290,3,11,4
KN1291,3,14,3
KN1292,3,3,1
KN1293,3,4,2
KN1294,3,5,4
KN1295,1,1,2
KN1296,1,2,2
KN1297,2,8,2
KN1298,3,1,1
KN1299,3,10,3
KN1300,1,11,1
KN1301,3,13,2
KN1302,2,6,2
KN1303,3,7,1
KN1304,3,8,2
KN1305,3,3,1
KN1306,2,4,2
KN1307,2,4,4
KN1308,1,14,4
KN1309,3,10,1
KN1310,1,10,1
KN1311,2,12,3
KN1312,2,7,1
KN1313,3,1,1
KN1314,1,10,1
KN1315,2,12,1
KN1316,2,6,3
KN1317,1,13,4
KN1318,1,4,1
KN1319,2,1,4
KN1320,3,12,1
KN1321,3,13,4
KN1322,3,11,4
KN1323,3,1,2
KN1324,1,8,1
KN1325,2,7,4
KN1326,2,2,1
KN1327,3,7,1
KN1328,2,11,4
KN1329,1,2,3
KN1330,2,8,3
KN1331,2,7,1
KN1332,2,13,1
KN1333,3,5,2
KN1334,3,15,3
KN1335,2,1,1
KN1336,1,11,3
KN1337,2,7,2
KN1338,1,1,1
KN1339,1,2,2
KN1340,1,1,3
KN1341,1,7,3
KN1342,3,3,4
KN1343,2,4,3
KN1344,1,7,3
KN1345,1,14,4
KN1346,2,3,3
KN1347,1,12,2
KN1348,3,14,2
KN1349,1,8,2
KN1350,3,5,1
KN1351,3,5,1
KN1352,1,2,1
KN1353,2,14,2
KN1354,3,9,3
KN1355,1,11,3
KN1356,2,8,3
KN1357,3,7,2
KN1358,1,10,4
KN1359,1,4,2
KN1360,1,6,4
KN1361,3,8,2
KN1362,1,7,3
KN1363,1,12,2
KN1364,2,15,3
KN1365,3,15,3
KN1366,1,8,2
KN1367,3,4,3
KN1368,1,11,3
KN1369,1,15,2
KN1370,2,15,1
KN1371,1,10,4
KN1372,1,15,3
KN1373,2,1,2
KN1374,1,14,3
KN1375,1,6,2
KN1376,2,15,4
KN1377,1,9,2
KN1378,2,2,3
KN1379,3,6,1
KN1380,2,8,4
KN1381,2,6,4
KN1382,1,12,1
KN1383,3,10,4
KN1384,1,7,3
KN1385,1,11,4
KN1386,1,13,1
KN1387,1,8,4
KN1388,1,7,4
KN1389,3,12,4
KN1390,2,6,2
KN1391,3,7,3
KN1392,2,12,1
KN1393,2,15,3
KN1394,3,8,2
KN1395,1,3,4
KN1396,3,5,2
KN1397,1,9,1
KN1398,1,10,1
KN1399,2,12,3
KN1400,3,5,4
KN1401,1,14,4
KN1402,1,8,4
KN1403,3,1,3
KN1404,1,6,1
KN1405,2,2,1
KN1406,2,4,3
KN1407,3,13,1
KN1408,3,8,1
KN1409,3,1,1
KN1410,3,2,3
KN1411,2,12,4
KN1412,2,2,2
KN1413,2,12,4
KN1414,1,3,2
KN1415,1,10,3
KN1416,1,10,2
KN1417,2,11,4
KN1418,3,4,1
KN1419,3,3,1
KN1420,1,2,1
KN1421,1,7,4
KN1422,3,1,1
KN1423,1,8,1
KN1424,1,9,4
KN1425,2,4,2
KN1426,1,15,1
KN1427,2,8,2
KN1428,2,10,4
KN1429,1,12,3
KN1430,2,7,1
KN1431,2,9,4
KN1432,2,7,2
KN1433,3,1,4
KN1434,1,4,2
KN1435,3,12,1
KN1436,2,6,2
KN1437,2,9,4
KN1438,3,4,4
KN1439,2,2,3
KN1440,2,6,3
KN1441,1,11,2
KN1442,2,14,4
KN1443,3,3,3
KN1444,1,15,3
KN1445,2,15,3
KN1446,1,3,3
KN1447,3,11,1
KN1448,2,3,2
KN1449,2,6,2
KN1450,2,2,4
KN1451,3,13,1
KN1452,1,3,2
KN1453,3,7,1
KN1454,2,14,1
KN1455,3,13,4
KN1456,2,4,1
KN1457,3,3,3
KN1458,2,14,2
KN1459,3,8,3
KN1460,3,1,1
KN1461,1,6,3
KN1462,3,7,3
KN1463,3,15,3
KN1464,2,1,1
KN1465,1,3,4
KN1466,3,9,2
KN1467,1,9,4
KN1468,2,14,2
KN1469,1,10,1
KN1470,2,15,1
KN1471,1,3,4
KN1472,2,9,3
KN1473,2,15,2
KN1474,1,8,1
KN1475,1,11,1
KN1476,2,2,1
KN1477,2,7,3
KN1478,2,11,3
KN1479,2,11,2
KN1480,3,7,3
KN1481,1,8,2
KN1482,2,11,1
KN1483,3,4,4
KN1484,2,10,3
KN1485,2,7,3
KN1486,3,3,4
KN1487,2,6,3
KN1488,3,2,1
KN1489,3,8,4
KN1490,2,8,1
KN1491,3,4,3
KN1492,3,14,1
KN1493,2,5,1
KN1494,2,5,4
KN1495,2,11,1
KN1496,3,13,4
KN1497,1,3,2
KN1498,3,14,4
KN1499,3,4,4
KN1500,3,12,3
KN1501,3,9,3
KN1502,2,2,4
KN1503,3,3,2
KN1504,3,2,3
KN1505,1,6,4
KN1506,3,9,1
KN1507,3,3,2
KN1508,2,15,3
KN1509,1,15,1
KN1510,1,9,4
KN1511,3,1,3
KN1512,1,13,1
KN1513,1,2,4
KN1514,1,5,1
KN1515,3,3,1
KN1516,1,5,1
KN1517,1,11,1
KN1518,1,7,3
KN1519,2,12,4
KN1520,2,6,1
KN1521,3,3,2
KN1522,2,8,4
KN1523,3,10,4
KN1524,2,13,1
KN1525,3,10,3
KN1526,1,10,1
KN1527,1,4,4
KN1528,1,10,4
KN1529,2,10,2
KN1530,1,9,4
KN1531,1,5,4
KN1532,3,7,3
KN1533,1,14,2
KN1534,1,5,3
KN1535,2,15,4
KN1536,2,7,2
KN1537,2,10,4
KN1538,1,1,3
KN1539,3,6,2
KN1540,2,4,1
KN1541,3,12,3
KN1542,1,3,2
KN1543,2,4,3
KN1544,3,10,4
KN1545,3,14,3
KN1546,1,1,4
KN1547,2,15,2
KN1548,3,8,3
KN1549,3,5,1
KN1550,3,2,2
KN1551,2,11,2
KN1552,3,4,4
KN1553,1,5,3
KN1554,1,12,4
KN1555,2,6,3
KN1556,1,12,4
KN1557,1,1,3
KN1558,3,15,2
KN1559,2,5,3
KN1560,1,15,4
KN1561,2,10,1
KN1562,3,1,4
KN1563,2,2,2
KN1564,3,6,2
KN1565,3,5,4
KN1566,1,6,3
KN1567,2,10,4
KN1568,3,9,1
KN1569,2,4,1
KN1570,3,1,1
KN1571,2,7,4
KN1572,2,15,4
KN1573,3,4,4
KN1574,3,15,4
KN1575,3,10,3
KN1576,1,5,3
KN1577,1,7,2
KN1578,2,6,2
KN1579,2,7,2
KN1580,2,7,3
KN1581,3,9,2
KN1582,1,9,4
KN1583,2,10,2
KN1584,2,7,1
KN1585,2,3,1
KN1586,1,7,4
KN1587,2,5,4
KN1588,1,9,3
KN1589,3,15,2
KN1590,3,10,1
KN1591,1,14,3
KN1592,3,10,3
KN1593,1,2,1
KN1594,3,11,3
KN1595,2,1,3
KN1596,3,10,3
KN1597,1,3,3
KN1598,2,4,1
KN1599,2,3,4
KN1600,1,7,2
KN1601,3,1,2
KN1602,3,10,4
KN1603,1,5,3
KN1604,1,15,1
KN1605,3,9,3
KN1606,1,4,1
KN1607,2,13,3
KN1608,2,5,4
KN1609,2,12,4
KN1610,2,5,3
KN1611,1,4,2
KN1612,2,1,4
KN1613,1,9,4
KN1614,3,3,4
KN1615,2,5,1
KN1616,1,4,4
KN1617,3,13,1
KN1618,3,13,4
KN1619,3,13,2
KN1620,2,8,2
KN1621,1,2,1
KN1622,2,15,1
KN1623,1,1,4
KN1624,1,9,2
KN1625,2,8,3
KN1626,3,1,4
KN1627,2,10,1
KN1628,3,10,4
KN1629,3,1,3
KN1630,1,6,1
KN1631,3,5,3
KN1632,3,8,2
KN1633,3,3,2
KN1634,3,8,1
KN1635,2,14,3
KN1636,3,8,1
KN1637,3,2,2
KN1638,2,5,2
KN1639,3,3,3
KN1640,3,5,1
KN1641,3,15,2
KN1642,2,10,3
KN1643,1,10,1
KN1644,1,15,4
KN1645,2,6,2
KN1646,1,9,4
KN1647,1,6,3
KN1648,2,14,3
KN1649,2,13,3
KN1650,1,4,2
KN1651,1,15,1
KN1652,3,10,4
KN1653,1,1,4
KN1654,3,13,2
KN1655,1,7,1
KN1656,3,4,4
KN1657,1,5,4
KN1658,2,9,3
KN1659,2,10,3
KN1660,1,3,2
KN1661,1,12,3
KN1662,3,13,2
KN1663,3,10,4
KN1664,3,4,1
KN1665,1,7,4
KN1666,1,12,1
KN1667,2,6,4
KN1668,1,5,3
KN1669,2,7,2
KN1670,2,5,3
KN1671,2,12,3
KN1672,3,15,2
KN1673,2,5,1
KN1674,3,6,1
KN1675,1,5,4
KN1676,3,11,3
KN1677,2,2,3
KN1678,2,3,2
KN1679,3,12,4
KN1680,2,9,1
KN1681,3,12,2
KN1682,2,11,2
KN1683,3,13,3
KN1684,3,9,3
KN1685,3,11,2
KN1686,1,10,4
KN1687,3,2,2
KN1688,3,10,2
KN1689,1,5,2
KN1690,1,14,4
KN1691,3,12,3
KN1692,1,8,2
KN1693,2,8,3
KN1694,3,6,2
KN1695,1,7,3
KN1696,1,10,1
KN1697,3,11,1
KN1698,3,14,4
KN1699,1,12,1
KN1700,1,2,4
KN1701,3,3,4
KN1702,3,2,2
KN1703,1,3,4
KN1704,2,7,2
KN1705,1,6,1
KN1706,3,6,1
KN1707,2,2,3
KN1708,2,5,1
KN1709,1,7,2
KN1710,3,15,4
KN1711,2,11,3
KN1712,1,7,2
KN1713,3,8,2
KN1714,3,11,3
KN1715,3,6,4
KN1716,1,14,4
KN1717,3,8,1
KN1718,2,9,2
KN1719,1,11,3
KN1720,1,12,3
KN1721,1,9,3
KN1722,1,12,2
KN1723,3,13,3
KN1724,1,10,3
KN1725,2,6,3
KN1726,2,14,1
KN1727,2,14,2
KN1728,2,10,3
KN1729,2,12,3
KN1730,1,10,3
KN1731,3,13,2
KN1732,2,8,2
KN1733,3,8,2
KN1734,2,3,4
KN1735,2,12,4
KN1736,2,11,3
KN1737,3,14,2
KN1738,1,14,4
KN1739,2,8,4
KN1740,1,5,2
KN1741,2,6,2
KN1742,1,9,4
KN1743,1,10,1
KN1744,2,3,3
KN1745,1,8,1
KN1746,3,7,1
KN1747,1,9,4
KN1748,3,8,3
KN1749,1,2,4
KN1750,3,2,3
KN1751,2,13,2
KN1752,3,2,4
KN1753,3,11,2
KN1754,1,7,1
KN1755,1,4,4
KN1756,2,15,3
KN1757,3,9,3
KN1758,1,10,1
KN1759,1,8,1
KN1760,3,4,1
KN1761,3,10,3
KN1762,2,11,4
KN1763,1,9,4
KN1764,3,13,3
KN1765,2,13,2
KN1766,3,3,2
KN1767,3,9,4
KN1768,2,15,2
KN1769,3,2,1
KN1770,1,2,2
KN1771,2,14,1
KN1772,2,5,2
KN1773,3,12,2
KN1774,2,11,1
KN1775,3,7,4
KN1776,2,15,3
KN1777,2,12,2
KN1778,3,1,2
KN1779,3,15,4
KN1780,2,7,2
KN1781,3,12,4
KN1782,1,2,1
KN1783,3,7,2
KN1784,3,10,3
KN1785,1,3,1
KN1786,3,5,3
KN1787,1,1,1
KN1788,3,12,3
KN1789,2,6,1
KN1790,1,3,4
KN1791,3,8,4
KN1792,1,1,2
KN1793,2,13,3
KN1794,1,5,3
KN1795,2,10,1
KN1796,3,15,2
KN1797,2,3,3
KN1798,1,6,3
KN1799,3,5,4
KN1800,3,9,1
KN1801,3,6,3
KN1802,2,5,1
KN1803,3,10,4
KN1804,2,9,2
KN1805,2,4,3
KN1806,2,5,1
KN1807,3,14,2
KN1808,1,10,3
KN1809,3,12,2
KN1810,3,13,3
KN1811,3,6,2
KN1812,3,13,1
KN1813,2,8,3
KN1814,1,8,4
KN1815,3,13,1
KN1816,3,3,4
KN1817,2,11,2
KN1818,2,7,4
KN1819,2,2,2
KN1820,1,7,3
KN1821,2,11,2
KN1822,1,13,1
KN1823,3,6,4
KN1824,2,14,4
KN1825,3,5,3
KN1826,3,11,4
KN1827,3,6,4
KN1828,3,5,4
KN1829,2,7,2
KN1830,1,1,3
KN1831,2,7,1
KN1832,2,13,2
KN1833,2,2,3
KN1834,3,10,2
KN1835,2,7,2
KN1836,3,8,2
KN1837,3,11,2
KN1838,1,9,1
KN1839,3,4,2
KN1840,3,6,2
KN1841,1,7,3
KN1842,3,13,4
KN1843,2,7,1
KN1844,3,4,1
KN1845,2,13,1
KN1846,3,8,4
KN1847,3,15,2
KN1848,2,7,1
KN1849,1,3,1
KN1850,3,12,1
KN1851,3,15,3
KN1852,1,1,1
KN1853,1,3,4
KN1854,1,12,1
KN1855,3,8,2
KN1856,2,12,4
KN1857,3,6,1
KN1858,2,12,4
KN1859,1,3,3
KN1860,3,15,1
KN1861,3,2,1
KN1862,3,11,3
KN1863,3,5,1
KN1864,1,1,1
KN1865,1,11,1
KN1866,1,5,1
KN1867,3,15,1
KN1868,3,8,1
KN1869,2,12,4
KN1870,2,6,3
KN1871,2,4,2
KN1872,3,9,3
KN1873,3,15,1
KN1874,2,5,3
KN1875,2,15,3
KN1876,2,6,4
KN1877,1,7,1
KN1878,2,5,3
KN1879,3,1,2
KN1880,3,14,3
KN1881,2,2,1
KN1882,3,7,2
KN1883,3,11,4
KN1884,3,7,4
KN1885,2,8,3
KN1886,3,12,1
KN1887,1,3,2
KN1888,2,9,3
KN1889,2,3,1
KN1890,3,6,3
KN1891,2,8,2
KN1892,3,1,2
KN1893,1,8,3
KN1894,1,14,1
KN1895,3,1,2
KN1896,3,7,3
KN1897,3,4,3
KN1898,1,1,4
KN1899,3,11,3
KN1900,1,8,3
KN1901,2,9,1
KN1902,3,14,1
KN1903,1,3,3
KN1904,1,4,3
KN1905,2,2,1
KN1906,1,4,3
KN1907,3,1,2
KN1908,3,2,4
KN1909,1,2,2
KN1910,1,12,2
KN1911,1,3,4
KN1912,2,7,1
KN1913,3,13,1
KN1914,1,6,1
KN1915,3,5,1
KN1916,2,15,3
KN1917,2,7,4
KN1918,3,8,1
KN1919,2,14,3
KN1920,3,15,3
KN1921,3,5,1
KN1922,1,2,1
KN1923,1,4,4
KN1924,3,14,1
KN1925,1,14,1
KN1926,3,14,3
KN1927,2,14,3
KN1928,1,12,1
KN1929,3,10,1
KN1930,1,14,3
KN1931,1,10,4
KN1932,3,9,3
KN1933,3,7,2
KN1934,3,11,1
KN1935,1,11,2
KN1936,1,3,4
KN1937,3,14,2
KN1938,3,12,1
KN1939,2,13,4
KN1940,1,14,3
KN1941,2,5,2
KN1942,1,13,4
KN1943,1,12,3
KN1944,1,5,2
KN1945,3,5,1
KN1946,3,8,3
KN1947,3,15,4
KN1948,3,8,3
KN1949,3,15,1
KN1950,1,5,2
KN1951,2,5,3
KN1952,2,6,4
KN1953,2,9,1
KN1954,2,14,4
KN1955,3,7,4
KN1956,2,9,4
KN1957,2,15,2
KN1958,2,8,4
KN1959,1,8,1
KN1960,2,4,2
KN1961,1,12,3
KN1962,1,3,1
KN1963,1,9,1
KN1964,2,8,3
KN1965,3,13,4
KN1966,2,12,1
KN1967,3,4,1
KN1968,2,12,4
KN1969,2,15,4
KN1970,3,4,1
KN1971,1,8,2
KN1972,1,9,2
KN1973,1,8,4
KN1974,3,6,4
KN1975,2,5,3
KN1976,2,12,2
KN1977,3,9,3
KN1978,1,7,2
KN1979,2,11,1
KN1980,3,3,1
KN1981,3,5,2
KN1982,2,10,4
KN1983,3,4,3
KN1984,3,3,3
KN1985,1,9,2
KN1986,3,1,3
KN1987,1,9,4
KN1988,3,1,1
KN1989,1,15,4
KN1990,2,2,4
KN1991,2,15,2
KN1992,1,14,3
KN1993,2,5,2
KN1994,3,15,1
KN1995,1,15,2
KN1996,1,10,4
KN1997,2,15,2
KN1998,1,14,4
KN1999,2,12,4
KN2000,1,8,4
KN2001,2,4,1
KN2002,2,11,3
KN2003,3,1,1
KN2004,3,8,3
KN2005,1,15,3
KN2006,2,9,4
KN2007,3,2,1
KN2008,1,8,1
KN2009,2,5,4
KN2010,3,2,1
KN2011,2,3,1
KN2012,3,1,1
KN2013,2,3,3
KN2014,1,2,3
KN2015,3,1,1
KN2016,2,4,2
KN2017,3,5,4
KN2018,3,5,1
KN2019,2,7,3
KN2020,1,8,2
KN2021,3,7,2
KN2022,2,15,2
KN2023,1,4,4
KN2024,2,14,4
KN2025,2,2,2
KN2026,3,10,3
KN2027,2,12,1
KN2028,2,1,2
KN2029,1,7,1
KN2030,3,6,3
KN2031,2,15,2
KN2032,3,13,4
KN2033,1,3,3
KN2034,1,10,3
KN2035,2,13,3
KN2036,3,4,2
KN2037,2,14,2
KN2038,3,6,4
KN2039,3,10,3
KN2040,1,15,1
KN2041,2,9,1
KN2042,3,4,2
KN2043,1,14,1
KN2044,1,2,4
KN2045,3,1,2
KN2046,2,10,2
KN2047,2,1,2
KN2048,2,14,1
KN2049,2,4,4
KN2050,1,10,4
KN2051,2,14,2
KN2052,2,11,2
KN2053,3,5,2
KN2054,3,12,3
KN2055,3,7,2
KN2056,3,3,1
KN2057,1,1,1
KN2058,2,9,1
KN2059,2,5,2
KN2060,1,1,2
KN2061,1,2,1
KN2062,1,7,4
KN2063,1,15,3
KN2064,2,10,1
KN2065,1,15,3
KN2066,2,3,4
KN2067,3,9,1
KN2068,3,2,3
KN2069,1,10,1
KN2070,2,10,4
KN2071,3,2,2
KN2072,3,1,4
KN2073,1,15,1
KN2074,2,10,1
KN2075,1,12,3
KN2076,2,9,1
KN2077,2,9,3
KN2078,2,7,4
KN2079,2,7,3
KN2080,1,14,4
KN2081,3,10,3
KN2082,2,15,3
KN2083,2,6,2
KN2084,2,11,3
KN2085,1,15,2
KN2086,2,15,3
KN2087,3,6,1
KN2088,2,2,3
KN2089,3,10,3
KN2090,3,9,4
KN2091,1,11,2
KN2092,3,9,2
KN2093,2,3,1
KN2094,3,11,4
KN2095,2,2,4
KN2096,3,14,3
KN2097,2,13,4
KN2098,1,5,4
KN2099,2,8,3
KN2100,1,3,1
KN2101,2,10,2
KN2102,3,3,3
KN2103,2,1,1
KN2104,3,5,2
KN2105,2,6,4
KN2106,2,13,1
KN2107,2,10,1
KN2108,1,10,3
KN2109,3,9,2
KN2110,1,9,4
KN2111,1,12,3
KN2112,1,10,2
KN2113,1,7,2
KN2114,2,1,3
KN2115,2,11,1
KN2116,1,15,1
KN2117,1,7,4
KN2118,1,10,2
KN2119,3,6,3
KN2120,3,2,1
KN2121,2,9,2
KN2122,3,1,2
KN2123,1,12,3
KN2124,3,14,3
KN2125,1,2,4
KN2126,3,8,1
KN2127,3,11,2
KN2128,3,7,2
KN2129,2,6,2
KN2130,3,10,4
KN2131,2,8,3
KN2132,2,10,4
KN2133,3,3,1
KN2134,1,10,4
KN2135,1,14,1
KN2136,1,12,3
KN2137,3,8,3
KN2138,2,14,1
KN2139,3,3,1
KN2140,2,2,1
KN2141,1,1,1
KN2142,3,4,4
KN2143,1,9,1
KN2144,3,4,3
KN2145,1,11,3
KN2146,3,11,4
KN2147,2,3,1
KN2148,2,11,1
KN2149,1,5,2
KN2150,2,3,3
KN2151,3,6,3
KN2152,2,3,2
KN2153,1,9,1
KN2154,1,3,4
KN2155,1,11,4
KN2156,3,4,4
KN2157,1,1,3
KN2158,1,6,4
KN2159,2,13,2
KN2160,2,13,3
KN2161,1,1,3
KN2162,3,9,2
KN2163,2,2,1
KN2164,1,9,4
KN2165,3,4,1
KN2166,2,15,3
KN2167,1,13,3
KN2168,1,12,1
KN2169,3,6,3
KN2170,1,3,4
KN2171,1,9,3
KN2172,1,9,1
KN2173,2,6,4
KN2174,1,10,2
KN2175,1,6,2
KN2176,3,14,4
KN2177,1,1,4
KN2178,1,15,2
KN2179,1,4,2
KN2180,1,3,4
KN2181,2,4,4
KN2182,1,12,2
KN2183,3,2,1
KN2184,2,10,3
KN2185,1,4,2
KN2186,3,2,2
KN2187,3,11,2
KN2188,2,11,2
KN2189,3,5,2
KN2190,2,8,2
KN2191,3,4,3
KN2192,2,2,3
KN2193,3,14,2
KN2194,2,5,2
KN2195,1,3,2
KN2196,2,13,2
KN2197,1,14,2
KN2198,3,7,4
KN2199,2,13,4
KN2200,2,15,1
KN2201,2,10,2
KN2202,3,2,1
KN2203,3,6,4
KN2204,2,11,1
KN2205,1,6,4
KN2206,2,8,1
KN2207,1,9,1
KN2208,2,5,1
KN2209,3,11,1
KN2210,1,11,3
KN2211,3,11,2
KN2212,2,8,4
KN2213,3,14,1
KN2214,1,6,1
KN2215,1,5,4
KN2216,1,3,3
KN2217,1,4,1
KN2218,1,2,3
KN2219,3,10,4
KN2220,3,2,4
KN2221,1,8,3
KN2222,2,12,3
KN2223,2,13,3
KN2224,2,10,2
KN2225,3,5,2
KN2226,3,7,1
KN2227,1,14,4
KN2228,1,10,2
KN2229,1,13,2
KN2230,2,13,4
KN2231,3,13,2
KN2232,2,14,3
KN2233,3,8,1
KN2234,1,14,2
KN2235,1,11,4
KN2236,1,8,3
KN2237,2,10,2
KN2238,1,1,1
KN2239,1,8,1
KN2240,2,12,4
KN2241,1,11,2
KN2242,1,13,1
KN2243,2,10,4
KN2244,3,9,1
KN2245,1,4,3
KN2246,1,8,1
KN2247,2,13,2
KN2248,2,8,3
KN2249,2,13,4
KN2250,2,12,3
KN2251,3,15,2
KN2252,2,7,3
KN2253,1,12,2
KN2254,1,9,4
KN2255,3,9,2
KN2256,2,13,2
KN2257,3,15,4
KN2258,3,10,4
KN2259,1,6,2
KN2260,1,4,4
KN2261,1,13,1
KN2262,3,14,2
KN2263,2,13,1
KN2264,3,6,3
KN2265,1,14,1
KN2266,1,12,3
KN2267,2,4,3
KN2268,2,12,2
KN2269,1,10,2
KN2270,3,3,1
KN2271,3,6,1
KN2272,2,9,4
KN2273,1,12,2
KN2274,2,6,4
KN2275,1,2,3
KN2276,3,1,4
KN2277,3,8,3
KN2278,3,14,3
KN2279,2,12,3
KN2280,3,11,2
KN2281,2,6,1
KN2282,3,15,1
KN2283,3,14,2
KN2284,3,1,2
KN2285,3,7,3
KN2286,2,3,1
KN2287,1,7,2
KN2288,2,3,3
KN2289,1,15,4
KN2290,3,14,3
KN2291,3,10,1
KN2292,3,3,1
KN2293,1,8,4
KN2294,2,1,2
KN2295,1,14,1
KN2296,3,3,4
KN2297,3,11,4
KN2298,3,12,1
KN2299,1,2,2
KN2300,1,13,4
KN2301,2,9,4
KN2302,3,2,2
KN2303,1,9,1
KN2304,1,4,3
KN2305,3,10,1
KN2306,3,12,4
KN2307,1,13,3
KN2308,3,2,1
KN2309,3,6,4
KN2310,3,10,3
KN2311,1,4,4
KN2312,1,15,2
KN2313,2,1,4
KN2314,2,14,1
KN2315,3,12,3
KN2316,3,9,3
KN2317,1,12,1
KN2318,2,5,2
KN2319,1,11,1
KN2320,2,4,1
KN2321,1,7,2
KN2322,3,6,1
KN2323,1,2,1
KN2324,1,4,1
KN2325,2,3,4
KN2326,1,11,3
KN2327,1,14,1
KN2328,3,15,1
KN2329,3,5,4
KN2330,2,9,2
KN2331,2,12,3
KN2332,1,7,4
KN2333,3,1,1
KN2334,2,15,1
KN2335,3,13,3
KN2336,2,6,4
KN2337,3,9,2
KN2338,3,3,2
KN2339,3,8,3
KN2340,1,12,4
KN2341,2,6,2
KN2342,3,12,2
KN2343,3,12,1
KN2344,2,15,4
KN2345,2,12,1
KN2346,1,8,2
KN2347,3,2,4
KN2348,2,14,3
KN2349,1,12,2
KN2350,1,11,3
KN2351,1,2,2
KN2352,1,12,4
KN2353,3,1,2
KN2354,1,13,1
KN2355,3,1,3
KN2356,2,2,4
KN2357,3,4,1
KN2358,1,9,1
KN2359,2,11,4
KN2360,3,3,2
KN2361,3,11,1
KN2362,2,11,3
KN2363,3,3,2
KN2364,1,1,2
KN2365,2,15,4
KN2366,1,3,2
KN2367,2,11,1
KN2368,1,3,1
KN2369,3,8,3
KN2370,2,2,1
KN2371,3,12,2
KN2372,3,1,4
KN2373,2,10,1
KN2374,2,1,3
KN2375,2,1,1
KN2376,1,6,2
KN2377,1,14,2
KN2378,2,2,3
KN2379,3,12,2
KN2380,3,12,4
KN2381,1,5,4
KN2382,3,15,4
KN2383,3,5,2
KN2384,3,8,1
KN2385,1,15,4
KN2386,2,11,1
KN2387,1,12,3
KN2388,2,11,2
KN2389,1,1,4
KN2390,1,11,2
KN2391,1,12,3
KN2392,3,1,2
KN2393,1,10,2
KN2394,3,13,1
KN2395,3,1,1
KN2396,1,15,1
KN2397,2,2,2
KN2398,2,6,1
KN2399,1,11,4
KN2400,2,2,4
KN2401,2,8,1
KN2402,3,3,1
KN2403,2,3,3
KN2404,1,1,3
KN2405,2,8,1
KN2406,3,7,1
KN2407,3,5,4
KN2408,2,15,4
KN2409,3,15,3
KN2410,3,12,3
KN2411,1,7,1
KN2412,3,11,3
KN2413,2,3,3
KN2414,2,3,4
KN2415,2,14,3
KN2416,1,3,1
KN2417,3,15,2
KN2418,2,11,4
KN2419,1,1,4
KN2420,3,11,2
KN2421,1,12,2
KN2422,2,10,2
KN2423,2,15,2
KN2424,3,11,3
KN2425,1,4,3
KN2426,1,13,3
KN2427,3,14,1
KN2428,2,14,1
KN2429,3,12,4
KN2430,3,5,1
KN2431,3,2,3
KN2432,2,6,2
KN2433,2,3,4
KN2434,1,15,2
KN2435,3,1,4
KN2436,3,5,4
KN2437,2,6,3
KN2438,2,10,2
KN2439,3,6,4
KN2440,2,10,1
KN2441,3,4,1
KN2442,3,9,4
KN2443,3,10,3
KN2444,3,10,3
KN2445,3,5,1
KN2446,2,15,1
KN2447,3,13,3
KN2448,3,10,1
KN2449,2,4,2
KN2450,3,7,3
KN2451,2,3,3
KN2452,2,5,3
KN2453,3,8,4
KN2454,2,9,3
KN2455,1,15,2
KN2456,3,5,4
KN2457,3,7,3
KN2458,1,12,2
KN2459,2,7,4
KN2460,3,2,2
KN2461,1,10,1
KN2462,3,6,4
KN2463,3,5,2
KN2464,2,9,1
KN2465,2,14,3
KN2466,3,7,4
KN2467,1,2,1
KN2468,1,7,2
KN2469,1,4,3
KN2470,2,3,4
KN2471,3,3,4
KN2472,2,1,3
KN2473,1,7,3
KN2474,1,15,2
KN2475,1,9,2
KN2476,3,7,3
KN2477,3,1,3
KN2478,1,14,4
KN2479,1,14,1
KN2480,3,4,4
KN2481,2,3,3
KN2482,1,13,3
KN2483,2,15,3
KN2484,1,3,4
KN2485,1,15,2
KN2486,2,7,2
KN2487,1,3,1
KN2488,2,9,1
KN2489,3,11,4
KN2490,1,15,1
KN2491,1,1,4
KN2492,3,13,2
KN2493,3,14,4
KN2494,3,9,2
KN2495,3,5,1
KN2496,1,14,4
KN2497,2,4,3
KN2498,1,2,4
KN2499,3,1,1
KN2500,1,14,1
KN2501,2,6,2
KN2502,1,5,1
KN2503,1,5,1
KN2504,2,8,1
KN2505,1,5,1
KN2506,3,5,4
KN2507,1,12,1
KN2508,2,11,1
KN2509,3,1,3
KN2510,3,11,2
KN2511,3,10,3
KN2512,3,8,4
KN2513,1,15,1
KN2514,3,8,3
KN2515,1,7,1
KN2516,2,11,4
KN2517,1,7,3
KN2518,3,7,1
KN2519,2,9,2
KN2520,3,5,1
KN2521,2,8,1
KN2522,1,2,1
KN2523,1,2,1
KN2524,3,1,2
KN2525,3,15,3
KN2526,1,8,2
KN2527,3,6,1
KN2528,3,4,4
KN2529,2,11,1
KN2530,3,7,1
KN2531,1,8,2
KN2532,3,10,4
KN2533,2,6,1
KN2534,2,6,3
KN2535,3,7,1
KN2536,2,11,4
KN2537,1,5,3
KN2538,1,10,2
KN2539,1,4,1
KN2540,2,8,4
KN2541,2,8,1
KN2542,3,13,1
KN2543,3,15,4
KN2544,3,9,4
KN2545,3,12,2
KN2546,3,7,2
KN2547,3,13,4
KN2548,2,5,3
KN2549,2,14,3
KN2550,3,5,1
KN2551,3,13,1
KN2552,1,2,4
KN2553,3,8,4
KN2554,1,2,4
KN2555,2,3,4
KN2556,3,13,2
KN2557,3,10,1
KN2558,3,13,3
KN2559,3,15,1
KN2560,3,5,3
KN2561,3,1,4
KN2562,1,7,2
KN2563,2,11,4
KN2564,3,5,2
KN2565,3,15,2
KN2566,2,11,1
KN2567,2,15,2
KN2568,2,3,4
KN2569,2,11,1
KN2570,3,3,4
KN2571,2,10,2
KN2572,2,15,4
KN2573,3,14,1
KN2574,3,3,4
KN2575,1,14,1
KN2576,2,1,1
KN2577,1,7,4
KN2578,1,10,2
KN2579,2,8,4
KN2580,1,5,1
KN2581,3,11,3
KN2582,2,8,4
KN2583,3,9,3
KN2584,3,9,4
KN2585,3,7,2
KN2586,2,1,3
KN2587,2,5,2
KN2588,2,3,4
KN2589,3,13,2
KN2590,1,15,1
KN2591,1,3,1
KN2592,1,12,4
KN2593,3,4,1
KN2594,2,8,4
KN2595,3,5,3
KN2596,2,15,3
KN2597,3,5,3
KN2598,3,11,4
KN2599,1,7,1
KN2600,2,8,3
KN2601,1,10,4
KN2602,3,3,3
KN2603,3,13,1
KN2604,3,3,1
KN2605,2,3,1
KN2606,2,6,3
KN2607,1,6,4
KN2608,1,12,2
KN2609,1,11,1
KN2610,3,2,3
KN2611,1,10,4
KN2612,3,3,3
KN2613,1,1,2
KN2614,1,10,4
KN2615,3,2,1
KN2616,1,10,3
KN2617,3,11,4
KN2618,1,4,1
KN2619,1,10,1
KN2620,3,13,2
KN2621,3,14,2
KN2622,2,14,2
KN2623,2,11,3
KN2624,2,13,2
KN2625,3,2,2
KN2626,1,6,3
KN2627,3,7,1
KN2628,3,5,2
KN2629,2,7,4
KN2630,1,7,1
KN2631,1,2,1
KN2632,1,9,4
KN2633,1,7,3
KN2634,2,8,2
KN2635,1,11,2
KN2636,3,5,4
KN2637,3,3,4
KN2638,2,1,4
KN2639,3,13,3
KN2640,2,3,3
KN2641,2,11,1
KN2642,3,8,4
KN2643,1,7,2
KN2644,1,3,2
KN2645,3,6,3
KN2646,3,4,2
KN2647,1,9,4
KN2648,1,15,2
KN2649,1,15,3
KN2650,3,8,3
KN2651,1,6,1
KN2652,2,10,2
KN2653,1,11,3
KN2654,3,14,3
KN2655,1,2,4
KN2656,3,5,2
KN2657,3,10,3
KN2658,2,3,3
KN2659,2,5,1
KN2660,3,11,2
KN2661,2,8,4
KN2662,2,13,1
KN2663,2,4,4
KN2664,3,3,2
KN2665,2,7,1
KN2666,1,2,4
KN2667,1,13,2
KN2668,2,2,4
KN2669,1,7,3
KN2670,3,15,3
KN2671,3,11,4
KN2672,2,7,1
KN2673,3,6,1
KN2674,2,2,1
KN2675,1,11,3
KN2676,2,9,1
KN2677,2,9,2
KN2678,3,4,1
KN2679,1,15,4
KN2680,3,9,2
KN2681,3,9,1
KN2682,1,14,3
KN2683,3,14,1
KN2684,3,14,3
KN2685,1,11,3
KN2686,1,7,2
KN2687,2,11,4
KN2688,3,7,4
KN2689,3,3,2
KN2690,3,11,4
KN2691,3,15,3
KN2692,1,14,4
KN2693,3,2,3
KN2694,3,8,1
KN2695,2,6,1
KN2696,1,2,2
KN2697,1,7,4
KN2698,2,13,1
KN2699,3,4,2
KN2700,3,11,1
KN2701,2,5,4
KN2702,2,12,1
KN2703,3,11,2
KN2704,3,3,2
KN2705,3,2,2
KN2706,1,1,1
KN2707,2,7,3
KN2708,3,13,3
KN2709,1,7,4
KN2710,1,6,2
KN2711,1,5,4
KN2712,3,6,2
KN2713,2,9,3
KN2714,2,15,4
KN2715,3,8,4
KN2716,2,10,4
KN2717,1,2,3
KN2718,3,8,4
KN2719,3,4,3
KN2720,1,6,4
KN2721,2,1,1
KN2722,3,15,2
KN2723,3,13,1
KN2724,1,3,3
KN2725,1,10,1
KN2726,2,8,1
KN2727,2,2,1
KN2728,2,4,2
KN2729,2,14,4
KN2730,1,7,4
KN2731,3,12,3
KN2732,1,5,3
KN2733,3,15,2
KN2734,2,1,4
KN2735,3,8,2
KN2736,2,1,3
KN2737,2,2,4
KN2738,1,1,4
KN2739,1,10,4
KN2740,3,2,2
KN2741,3,10,2
KN2742,2,4,4
KN2743,2,8,3
KN2744,3,2,4
KN2745,1,4,3
KN2746,1,15,1
KN2747,2,11,1
KN2748,1,15,3
KN2749,3,8,2
KN2750,3,2,4
KN2751,2,15,4
KN2752,1,6,3
KN2753,2,15,2
KN2754,3,13,1
KN2755,1,2,3
KN2756,2,14,3
KN2757,3,15,2
KN2758,1,2,1
KN2759,1,1,1
KN2760,1,2,3
KN2761,1,14,3
KN2762,1,11,3
KN2763,2,14,4
KN2764,1,12,3
KN2765,3,5,1
KN2766,2,12,1
KN2767,2,9,2
KN2768,3,13,4
KN2769,3,12,3
KN2770,3,10,2
KN2771,1,6,1
KN2772,3,6,1
KN2773,1,13,1
KN2774,2,1,4
KN2775,1,6,2
KN2776,2,1,3
KN2777,2,12,2
KN2778,3,11,3
KN2779,1,11,4
KN2780,2,5,1
KN2781,2,1,4
KN2782,1,9,3
KN2783,2,9,2
KN2784,1,4,1
KN2785,1,1,4
KN2786,2,2,3
KN2787,1,13,1
KN2788,3,10,4
KN2789,3,12,4
KN2790,1,1,4
KN2791,2,8,4
KN2792,2,2,2
KN2793,3,9,2
KN2794,1,8,3
KN2795,3,12,1
KN2796,3,5,3
KN2797,1,1,2
KN2798,2,7,1
KN2799,2,8,2
KN2800,1,8,3
KN2801,2,4,2
KN2802,1,13,1
KN2803,2,12,1
KN2804,1,8,2
KN2805,2,14,1
KN2806,3,9,2
KN2807,2,15,2
KN2808,2,7,1
KN2809,1,11,1
KN2810,3,12,4
KN2811,3,1,4
KN2812,2,15,2
KN2813,1,6,1
KN2814,2,15,3
KN2815,1,12,1
KN2816,3,3,3
KN2817,2,8,1
KN2818,1,2,2
KN2819,1,6,1
KN2820,2,13,1
KN2821,3,13,3
KN2822,1,8,2
KN2823,1,15,4
KN2824,2,13,2
KN2825,1,7,2
KN2826,1,14,2
KN2827,3,11,3
KN2828,3,6,3
KN2829,1,6,1
KN2830,2,5,3
KN2831,3,9,4
KN2832,3,1,2
KN2833,3,15,1
KN2834,3,15,3
KN2835,2,14,1
KN2836,1,11,4
KN2837,2,6,3
KN2838,3,15,1
KN2839,1,14,4
KN2840,3,2,3
KN2841,1,13,2
KN2842,2,8,3
KN2843,1,11,1
KN2844,1,13,2
KN2845,1,15,2
KN2846,2,2,1
KN2847,2,6,1
KN2848,2,11,3
KN2849,2,4,2
KN2850,1,1,1
KN2851,3,9,3
KN2852,2,12,2
KN2853,2,14,3
KN2854,2,9,4
KN2855,2,6,1
KN2856,2,11,2
KN2857,3,14,3
KN2858,2,6,4
KN2859,2,3,1
KN2860,1,5,2
KN2861,3,13,3
KN2862,1,9,3
KN2863,2,1,2
KN2864,3,1,2
KN2865,1,3,1
KN2866,1,7,4
KN2867,3,14,4
KN2868,2,7,1
KN2869,3,10,2
KN2870,1,4,3
KN2871,2,11,2
KN2872,1,6,2
KN2873,2,6,3
KN2874,2,2,1
KN2875,1,10,4
KN2876,3,1,2
KN2877,3,13,3
KN2878,3,7,2
KN2879,3,2,3
KN2880,1,13,2
KN2881,2,1,2
KN2882,2,8,3
KN2883,3,9,4
KN2884,3,14,4
KN2885,1,11,1
KN2886,1,13,3
KN2887,2,5,4
KN2888,1,5,1
KN2889,1,9,3
KN2890,1,8,1
KN2891,1,12,3
KN2892,2,1,2
KN2893,1,2,3
KN2894,3,6,2
KN2895,1,11,2
KN2896,1,6,2
KN2897,1,1,4
KN2898,2,7,4
KN2899,2,9,1
KN2900,2,1,1
KN2901,3,7,3
KN2902,1,10,3
KN2903,3,6,1
KN2904,2,3,3
KN2905,3,11,2
KN2906,2,15,1
KN2907,1,3,4
KN2908,2,12,3
KN2909,3,6,1
KN2910,3,14,1
KN2911,1,9,2
KN2912,1,1,4
KN2913,3,7,2
KN2914,1,2,4
KN2915,2,3,3
KN2916,1,14,1
KN2917,1,7,2
KN2918,1,7,3
KN2919,3,5,1
KN2920,3,12,1
KN2921,2,1,1
KN2922,2,12,4
KN2923,3,4,3
KN2924,1,5,2
KN2925,1,2,1
KN2926,2,15,3
KN2927,2,3,4
KN2928,3,8,4
KN2929,3,6,2
KN2930,1,1,1
KN2931,3,4,2
KN2932,2,5,2
KN2933,1,1,3
KN2934,1,8,3
KN2935,2,10,2
KN2936,1,3,1
KN2937,2,14,2
KN2938,1,1,3
KN2939,3,3,4
KN2940,2,9,4
KN2941,3,11,4
KN2942,1,15,1
KN2943,2,9,2
KN2944,2,13,3
KN2945,2,9,1
KN2946,1,5,2
KN2947,2,10,4
KN2948,2,1,3
KN2949,3,3,4
KN2950,1,12,1
KN2951,3,10,3
KN2952,3,14,4
KN2953,3,6,4
KN2954,2,12,4
KN2955,3,4,1
KN2956,3,6,4
KN2957,1,6,3
KN2958,2,10,2
KN2959,3,15,4
KN2960,2,8,4
KN2961,2,7,1
KN2962,2,7,3
KN2963,3,5,3
KN2964,3,1,2
KN2965,2,12,4
KN2966,1,10,3
KN2967,2,8,3
KN2968,1,1,2
KN2969,3,3,4
KN2970,2,14,1
KN2971,2,13,1
KN2972,1,2,1
KN2973,2,15,3
KN2974,3,12,2
KN2975,1,14,4
KN2976,3,9,1
KN2977,1,11,3
KN2978,1,6,4
KN2979,1,10,3
KN2980,2,8,4
KN2981,1,14,1
KN2982,1,8,3
KN2983,3,7,4
KN2984,3,13,2
KN2985,1,7,4
KN2986,2,8,4
KN2987,1,2,1
KN2988,1,13,4
KN2989,3,9,2
KN2990,2,3,3
KN2991,2,5,4
KN2992,1,4,1
KN2993,2,10,4
KN2994,2,1,1
KN2995,3,9,4
KN2996,1,5,2
KN2997,2,12,3
KN2998,3,9,3
KN2999,1,1,3
KN3000,3,6,3
KN3001,3,6,4
KN3002,1,8,2
KN3003,1,5,4
KN3004,2,13,3
KN3005,3,5,1
KN3006,1,15,3
KN3007,3,15,4
KN3008,1,10,4
KN3009,2,11,4
KN3010,1,13,1
KN3011,1,13,1
KN3012,1,5,3
KN3013,1,10,2
KN3014,3,2,3
KN3015,2,4,2
KN3016,3,14,3
KN3017,1,1,4
KN3018,3,3,4
KN3019,2,4,2
KN3020,2,1,3
KN3021,1,15,4
KN3022,3,12,1
KN3023,1,6,4
KN3024,1,2,2
KN3025,2,5,2
KN3026,2,7,4
KN3027,3,4,2
KN3028,2,3,1
KN3029,1,3,3
KN3030,1,15,1
KN3031,3,9,1
KN3032,1,3,1
KN3033,3,10,3
KN3034,2,11,1
KN3035,2,12,2
KN3036,3,15,4
KN3037,1,3,1
KN3038,1,4,4
KN3039,1,6,3
KN3040,2,12,3
KN3041,1,5,4
KN3042,2,10,1
KN3043,1,1,1
KN3044,2,8,1
KN3045,3,8,1
KN3046,3,6,2
KN3047,3,4,4
KN3048,1,5,1
KN3049,1,11,4
KN3050,1,3,3
KN3051,1,1,4
KN3052,2,2,3
KN3053,3,10,3
KN3054,3,6,1
KN3055,3,12,4
KN3056,2,15,4
KN3057,3,4,2
KN3058,3,2,3
KN3059,1,2,1
KN3060,2,2,4
KN3061,1,6,1
KN3062,3,15,4
KN3063,2,9,3
KN3064,2,14,2
KN3065,2,1,2
KN3066,1,14,3
KN3067,1,3,1
KN3068,2,1,2
KN3069,1,10,4
KN3070,3,14,1
KN3071,2,2,4
KN3072,3,4,1
KN3073,3,8,1
KN3074,1,9,4
KN3075,2,10,2
KN3076,3,10,2
KN3077,1,1,4
KN3078,2,8,2
KN3079,1,5,2
KN3080,3,3,1
KN3081,3,4,4
KN3082,2,9,4
KN3083,3,8,4
KN3084,3,11,3
KN3085,3,2,2
KN3086,2,2,4
KN3087,3,12,3
KN3088,3,14,3
KN3089,1,13,3
KN3090,1,3,2
KN3091,3,15,3
KN3092,3,6,3
KN3093,1,3,4
KN3094,2,6,3
KN3095,1,13,3
KN3096,3,10,4
KN3097,2,12,1
KN3098,2,8,4
KN3099,1,1,3
KN3100,3,7,2
KN3101,2,4,4
KN3102,1,6,1
KN3103,3,10,1
KN3104,3,9,4
KN3105,2,7,1
KN3106,3,9,1
KN3107,1,9,1
KN3108,3,9,1
KN3109,1,9,4
KN3110,2,3,1
KN3111,1,3,4
KN3112,2,10,4
KN3113,3,10,4
KN3114,1,10,1
KN3115,1,12,3
KN3116,2,12,2
KN3117,2,6,1
KN3118,2,9,2
KN3119,3,9,4
KN3120,1,11,3
KN3121,2,1,1
KN3122,3,8,2
KN3123,3,15,2
KN3124,3,3,4
KN3125,1,2,3
KN3126,3,4,2
KN3127,3,4,4
KN3128,1,6,1
KN3129,1,8,4
KN3130,2,11,3
KN3131,2,15,1
KN3132,1,13,3
KN3133,1,14,3
KN3134,3,11,2
KN3135,2,3,3
KN3136,3,5,1
KN3137,3,15,1
KN3138,2,11,1
KN3139,2,10,1
KN3140,3,13,3
KN3141,1,2,2
KN3142,2,7,4
KN3143,2,15,2
KN3144,1,5,1
KN3145,1,13,4
KN3146,3,12,4
KN3147,1,14,1
KN3148,1,2,3
KN3149,3,10,3
KN3150,3,11,2
KN3151,2,3,2
KN3152,1,6,2
KN3153,2,2,4
KN3154,1,15,2
KN3155,1,6,1
KN3156,1,13,2
KN3157,1,9,4
KN3158,1,7,4
KN3159,1,11,3
KN3160,3,12,4
KN3161,1,15,2
KN3162,2,11,3
KN3163,1,5,3
KN3164,2,6,4
KN3165,1,11,4
KN3166,1,9,4
KN3167,2,4,2
KN3168,3,9,2
KN3169,3,2,2
KN3170,1,12,3
KN3171,3,4,4
KN3172,3,5,4
KN3173,3,10,2
KN3174,1,1,3
KN3175,1,2,3
KN3176,1,4,4
KN3177,2,10,4
KN3178,2,9,1
KN3179,1,15,3
KN3180,3,15,2
KN3181,2,10,1
KN3182,3,6,1
KN3183,3,13,4
KN3184,1,10,3
KN3185,1,8,4
KN3186,2,7,1
KN3187,2,7,3
KN3188,3,6,1
KN3189,1,2,1
KN3190,1,3,3
KN3191,1,3,3
KN3192,1,11,3
KN3193,3,12,3
KN3194,2,4,2
KN3195,2,9,4
KN3196,2,9,2
KN3197,2,4,2
KN3198,3,6,3
KN3199,3,7,1
KN3200,2,15,4
KN3201,3,1,1
KN3202,2,1,4
KN3203,2,14,4
KN3204,1,10,2
KN3205,1,15,3
KN3206,3,6,1
KN3207,1,14,3
KN3208,1,7,3
KN3209,3,12,4
KN3210,3,6,4
KN3211,2,4,4
KN3212,2,6,3
KN3213,3,14,4
KN3214,3,4,1
KN3215,2,1,1
KN3216,3,13,2
KN3217,3,8,2
KN3218,1,8,3
KN3219,3,8,2
KN3220,2,13,2
KN3221,3,7,1
KN3222,2,5,1
KN3223,1,4,4
KN3224,1,15,2
KN3225,3,10,4
KN3226,2,3,2
KN3227,3,6,1
KN3228,2,1,2
KN3229,3,11,1
KN3230,1,1,4
KN3231,3,12,4
KN3232,2,7,1
KN3233,3,3,2
KN3234,2,10,2
KN3235,3,4,4
KN3236,3,7,1
KN3237,2,15,2
KN3238,1,13,1
KN3239,1,11,3
KN3240,1,6,4
KN3241,3,14,4
KN3242,2,10,4
KN3243,3,4,4
KN3244,2,7,4
KN3245,1,12,1
KN3246,3,15,1
KN3247,3,9,4
KN3248,1,14,1
KN3249,2,7,1
KN3250,3,10,1
KN3251,1,5,2
KN3252,2,13,1
KN3253,3,4,1
KN3254,1,14,2
KN3255,3,1,2
KN3256,2,2,1
KN3257,1,15,3
KN3258,3,6,2
KN3259,1,1,4
KN3260,1,12,2
KN3261,1,8,4
KN3262,2,10,1
KN3263,1,12,3
KN3264,2,11,1
KN3265,1,13,4
KN3266,1,6,1
KN3267,3,8,2
KN3268,2,1,2
KN3269,2,2,3
KN3270,2,6,3
KN3271,1,15,3
KN3272,2,6,1
KN3273,3,7,1
KN3274,2,6,2
KN3275,3,15,2
KN3276,2,11,3
KN3277,3,11,2
KN3278,1,14,4
KN3279,1,10,4
KN3280,2,12,1
KN3281,1,8,1
KN3282,3,4,4
KN3283,2,12,3
KN3284,1,4,1
KN3285,2,15,1
KN3286,3,3,1
KN3287,2,6,1
KN3288,2,12,4
KN3289,1,2,1
KN3290,3,3,1
KN3291,3,4,2
KN3292,1,14,3
KN3293,3,12,2
KN3294,2,2,4
KN3295,1,11,1
KN3296,2,3,3
KN3297,1,14,3
KN3298,1,3,3
KN3299,2,15,2
KN3300,1,9,4
KN3301,1,15,1
KN3302,2,3,3
KN3303,1,5,2
KN3304,2,3,2
KN3305,3,13,2
KN3306,3,11,3
KN3307,2,7,2
KN3308,1,15,3
KN3309,2,10,4
KN3310,3,13,3
KN3311,2,1,3
KN3312,2,15,1
KN3313,3,11,1
KN3314,2,10,2
KN3315,2,3,4
KN3316,2,13,4
KN3317,2,15,4
KN3318,2,12,4
KN3319,3,2,2
KN3320,1,15,1
KN3321,2,15,3
KN3322,3,5,1
KN3323,2,9,2
KN3324,3,1,1
KN3325,2,3,3
KN3326,1,2,4
KN3327,2,14,1
KN3328,1,2,3
KN3329,2,13,3
KN3330,1,13,2
KN3331,3,9,3
KN3332,3,2,3
KN3333,2,1,2
KN3334,1,12,3
KN3335,2,15,4
KN3336,2,14,2
KN3337,2,10,3
KN3338,3,14,2
KN3339,2,14,3
KN3340,3,6,3
KN3341,2,2,4
KN3342,3,6,4
KN3343,2,14,3
KN3344,2,2,4
KN3345,3,6,4
KN3346,3,9,1
KN3347,1,14,2
KN3348,2,12,2
KN3349,2,11,3
KN3350,1,11,4
KN3351,3,7,1
KN3352,3,1,1
KN3353,1,5,4
KN3354,2,2,4
KN3355,1,7,1
KN3356,3,2,3
KN3357,3,13,2
KN3358,3,14,2
KN3359,1,10,1
KN3360,2,6,2
KN3361,3,5,2
KN3362,2,11,4
KN3363,3,8,4
KN3364,3,6,3
KN3365,3,1,3
KN3366,3,13,3
KN3367,2,7,3
KN3368,1,5,3
KN3369,3,9,4
KN3370,2,6,3
KN3371,3,15,3
KN3372,1,5,2
KN3373,3,3,2
KN3374,3,5,3
KN3375,1,6,4
KN3376,3,15,4
KN3377,2,13,2
KN3378,3,1,2
KN3379,1,4,4
KN3380,1,12,1
KN3381,3,9,4
KN3382,3,4,2
KN3383,3,4,2
KN3384,3,14,1
KN3385,1,6,4
KN3386,1,9,1
KN3387,2,1,2
KN3388,3,13,1
KN3389,1,1,3
KN3390,3,9,4
KN3391,2,6,3
KN3392,1,2,4
KN3393,1,5,4
KN3394,2,7,3
KN3395,2,8,3
KN3396,2,9,2
KN3397,3,6,1
KN3398,3,9,4
KN3399,2,5,3
KN3400,2,13,2
KN3401,1,13,2
KN3402,2,1,3
KN3403,2,9,1
KN3404,1,11,2
KN3405,2,5,4
KN3406,1,3,4
KN3407,2,2,1
KN3408,2,3,1
KN3409,1,8,1
KN3410,3,5,2
KN3411,2,7,3
KN3412,3,5,4
KN3413,1,7,4
KN3414,2,5,4
KN3415,1,8,1
KN3416,1,13,1
KN3417,3,14,2
KN3418,2,1,1
KN3419,2,4,1
KN3420,3,14,1
KN3421,2,1,2
KN3422,2,14,2
KN3423,3,5,4
KN3424,2,10,4
KN3425,3,1,4
KN3426,3,13,4
KN3427,1,9,2
KN3428,3,1,3
KN3429,3,12,1
KN3430,1,10,1
KN3431,1,6,2
KN3432,3,4,1
KN3433,3,13,4
KN3434,1,7,2
KN3435,1,12,1
KN3436,1,15,4
KN3437,1,1,3
KN3438,3,2,1
KN3439,2,11,1
KN3440,2,6,2
KN3441,2,12,4
KN3442,3,4,2
KN3443,3,9,4
KN3444,1,15,1
KN3445,3,6,3
KN3446,2,11,1
KN3447,3,12,3
KN3448,1,1,4
KN3449,1,4,3
KN3450,3,1,1
KN3451,3,9,4
KN3452,1,8,2
KN3453,3,2,4
KN3454,2,12,3
KN3455,2,14,2
KN3456,1,15,2
KN3457,3,4,4
KN3458,2,9,2
KN3459,3,6,1
KN3460,2,7,3
KN3461,3,7,1
KN3462,1,4,4
KN3463,3,8,1
KN3464,3,7,2
KN3465,1,5,3
KN3466,1,13,2
KN3467,2,6,2
KN3468,1,11,4
KN3469,2,15,2
KN3470,2,13,2
KN3471,2,4,1
KN3472,1,9,3
KN3473,2,14,1
KN3474,2,1,1
KN3475,1,3,4
KN3476,1,4,1
KN3477,2,4,1
KN3478,1,11,2
KN3479,1,9,4
KN3480,3,13,1
KN3481,1,2,2
KN3482,3,12,4
KN3483,3,2,4
KN3484,1,1,4
KN3485,3,7,1
KN3486,2,15,1
KN3487,2,12,4
KN3488,2,12,2
KN3489,3,10,1
KN3490,3,11,3
KN3491,1,9,2
KN3492,3,11,1
KN3493,2,1,1
KN3494,3,11,3
KN3495,2,11,1
KN3496,2,14,1
KN3497,1,11,3
KN3498,1,13,3
KN3499,3,2,2
KN3500,3,10,1
KN3501,1,15,2
KN3502,3,10,4
KN3503,2,9,1
KN3504,2,1,3
KN3505,3,1,4
KN3506,3,4,4
KN3507,3,15,2
KN3508,2,5,3
KN3509,2,12,1
KN3510,3,2,2
KN3511,1,3,2
KN3512,3,13,2
KN3513,2,4,2
KN3514,1,4,3
KN3515,2,4,2
KN3516,3,12,4
KN3517,1,15,2
KN3518,3,10,1
KN3519,3,12,2
KN3520,2,14,4
KN3521,2,15,2
KN3522,1,9,1
KN3523,3,4,1
KN3524,3,6,3
KN3525,3,15,1
KN3526,3,6,2
KN3527,1,1,1
KN3528,2,3,1
KN3529,1,13,1
KN3530,1,4,1
KN3531,3,8,3
KN3532,2,11,3
KN3533,1,5,3
KN3534,1,15,1
KN3535,3,7,4
KN3536,3,12,2
KN3537,2,7,1
KN3538,1,3,3
KN3539,1,15,2
KN3540,3,14,1
KN3541,3,8,2
KN3542,1,1,4
KN3543,3,12,4
KN3544,3,11,3
KN3545,3,15,1
KN3546,2,11,3
KN3547,3,2,4
KN3548,1,14,2
KN3549,1,4,2
KN3550,2,8,2
KN3551,3,4,2
KN3552,2,3,4
KN3553,1,6,4
KN3554,3,13,3
KN3555,1,4,4
KN3556,2,12,3
KN3557,2,4,3
KN3558,1,14,3
KN3559,3,15,4
KN3560,2,2,2
KN3561,3,6,3
KN3562,2,3,1
KN3563,2,9,3
KN3564,1,7,2
KN3565,3,15,3
KN3566,1,11,4
KN3567,1,15,3
KN3568,1,6,3
KN3569,2,1,3
KN3570,3,10,4
KN3571,3,7,1
KN3572,1,10,2
KN3573,3,12,1
KN3574,1,3,3
KN3575,2,9,1
KN3576,2,3,1
KN3577,1,2,2
KN3578,3,5,2
KN3579,3,11,3
KN3580,1,14,1
KN3581,2,10,2
KN3582,2,10,2
KN3583,3,13,4
KN3584,1,13,1
KN3585,3,1,1
KN3586,3,4,4
KN3587,1,10,4
KN3588,1,1,3
KN3589,2,5,2
KN3590,3,11,3
KN3591,3,3,4
KN3592,3,4,2
KN3593,3,9,2
KN3594,1,8,1
KN3595,1,3,3
KN3596,3,13,2
KN3597,3,9,2
KN3598,3,2,4
KN3599,3,13,3
KN3600,3,1,1
KN3601,3,13,3
KN3602,3,7,2
KN3603,1,13,3
KN3604,3,13,1
KN3605,3,6,4
KN3606,2,7,1
KN3607,1,1,2
KN3608,1,9,1
KN3609,3,10,1
KN3610,2,3,2
KN3611,1,12,3
KN3612,3,15,3
KN3613,3,1,3
KN3614,2,8,1
KN3615,3,4,4
KN3616,2,7,3
KN3617,3,2,3
KN3618,1,7,3
KN3619,3,14,2
KN3620,3,12,3
KN3621,1,13,3
KN3622,3,14,3
KN3623,1,15,3
KN3624,2,8,2
KN3625,3,12,4
KN3626,1,2,3
KN3627,1,11,1
KN3628,1,15,3
KN3629,1,8,4
KN3630,2,9,4
KN3631,1,1,4
KN3632,2,8,4
KN3633,1,12,1
KN3634,2,3,1
KN3635,2,12,4
KN3636,1,8,1
KN3637,3,4,3
KN3638,1,8,2
KN3639,1,6,2
KN3640,1,3,2
KN3641,1,5,2
KN3642,1,12,3
KN3643,3,14,2
KN3644,3,8,3
KN3645,3,10,2
KN3646,1,3,3
KN3647,2,10,1
KN3648,3,3,4
KN3649,3,11,3
KN3650,1,11,4
KN3651,1,10,4
KN3652,3,1,2
KN3653,2,13,1
KN3654,2,14,1
KN3655,1,2,4
KN3656,2,4,1
KN3657,1,14,4
KN3658,1,2,4
KN3659,1,1,3
KN3660,1,1,2
KN3661,1,4,3
KN3662,3,7,2
KN3663,1,14,4
KN3664,2,3,4
KN3665,2,5,4
KN3666,3,9,4
KN3667,3,13,4
KN3668,2,1,4
KN3669,1,8,4
KN3670,1,13,4
KN3671,3,12,4
KN3672,1,7,2
KN3673,3,5,1
KN3674,2,7,3
KN3675,2,11,1
KN3676,3,1,2
KN3677,2,7,1
KN3678,2,14,1
KN3679,1,7,4
KN3680,3,2,1
KN3681,3,6,2
KN3682,1,15,3
KN3683,2,14,4
KN3684,3,3,3
KN3685,2,4,3
KN3686,2,13,4
KN3687,3,14,1
KN3688,2,3,3
KN3689,3,7,2
KN3690,1,10,3
KN3691,3,6,1
KN3692,3,13,1
KN3693,1,8,4
KN3694,2,14,4
KN3695,1,15,1
KN3696,3,15,4
KN3697,1,13,3
KN3698,3,6,1
KN3699,1,15,4
KN3700,3,12,2
KN3701,3,15,2
KN3702,1,7,1
KN3703,2,2,3
KN3704,2,12,1
KN3705,3,9,4
KN3706,3,12,4
KN3707,1,12,2
KN3708,2,14,3
KN3709,3,9,3
KN3710,2,7,2
KN3711,3,5,2
KN3712,3,9,1
KN3713,2,12,1
KN3714,1,3,3
KN3715,3,5,1
KN3716,1,12,2
KN3717,3,6,3
KN3718,3,5,1
KN3719,3,7,1
KN3720,1,13,4
KN3721,2,11,1
KN3722,1,11,2
KN3723,3,15,2
KN3724,3,1,4
KN3725,2,3,1
KN3726,3,8,3
KN3727,3,5,2
KN3728,2,9,1
KN3729,2,12,1
KN3730,1,15,2
KN3731,3,11,4
KN3732,2,15,4
KN3733,1,12,4
KN3734,2,12,1
KN3735,2,15,3
KN3736,3,13,3
KN3737,3,14,3
KN3738,1,2,3
KN3739,3,4,1
KN3740,3,5,2
KN3741,2,5,3
KN3742,1,4,4
KN3743,2,1,1
KN3744,3,14,1
KN3745,2,11,1
KN3746,2,13,1
KN3747,1,13,1
KN3748,1,13,4
KN3749,3,13,4
KN3750,2,9,1
KN3751,1,6,2
KN3752,3,5,1
KN3753,1,4,4
KN3754,1,1,4
KN3755,1,11,3
KN3756,3,9,3
KN3757,1,15,3
KN3758,1,10,4
KN3759,1,8,2
KN3760,2,4,3
KN3761,1,8,1
KN3762,2,14,2
KN3763,2,5,4
KN3764,2,3,4
KN3765,3,13,4
KN3766,3,15,4
KN3767,2,4,3
KN3768,3,11,2
KN3769,2,5,2
KN3770,1,6,2
KN3771,1,7,1
KN3772,2,2,2
KN3773,3,1,2
KN3774,1,13,1
KN3775,2,2,1
KN3776,2,13,3
KN3777,2,1,1
KN3778,2,4,2
KN3779,3,1,4
KN3780,1,13,1
KN3781,3,8,3
KN3782,2,12,4
KN3783,3,7,3
KN3784,3,1,1
KN3785,1,5,2
KN3786,1,1,3
KN3787,1,6,2
KN3788,2,6,4
KN3789,1,15,4
KN3790,3,6,1
KN3791,3,4,4
KN3792,2,12,2
KN3793,2,13,2
KN3794,1,12,2
KN3795,2,4,4
KN3796,2,9,4
KN3797,1,15,4
KN3798,2,14,3
KN3799,1,4,1
KN3800,1,9,2
KN3801,3,11,4
KN3802,3,14,3
KN3803,1,2,2
KN3804,2,11,2
KN3805,3,15,3
KN3806,1,7,3
KN3807,3,15,4
KN3808,3,5,4
KN3809,3,15,4
KN3810,1,13,3
KN3811,2,1,2
KN3812,3,4,1
KN3813,3,3,1
KN3814,3,12,1
KN3815,1,12,1
KN3816,3,7,4
KN3817,1,8,2
KN3818,2,10,4
KN3819,2,13,4
KN3820,2,5,3
KN3821,3,11,3
KN3822,1,10,3
KN3823,2,15,3
KN3824,3,4,3
KN3825,2,12,4
KN3826,3,9,4
KN3827,3,10,1
KN3828,3,1,1
KN3829,2,13,2
KN3830,1,5,3
KN3831,3,10,3
KN3832,3,10,4
KN3833,2,8,2
KN3834,1,8,2
KN3835,2,5,2
KN3836,3,6,2
KN3837,3,5,2
KN3838,2,5,4
KN3839,2,13,4
KN3840,2,11,1
KN3841,1,8,2
KN3842,3,8,1
KN3843,2,5,4
KN3844,1,7,3
KN3845,3,7,1
KN3846,2,5,4
KN3847,2,7,1
KN3848,3,4,4
KN3849,3,8,4
KN3850,2,3,4
KN3851,3,8,1
KN3852,1,4,4
KN3853,2,11,3
KN3854,3,6,2
KN3855,2,8,1
KN3856,1,8,3
KN3857,2,9,4
KN3858,1,6,1
KN3859,1,11,4
KN3860,1,6,1
KN3861,1,2,1
KN3862,1,3,1
KN3863,2,1,4
KN3864,2,3,4
KN3865,3,7,3
KN3866,1,15,1
KN3867,3,11,1
KN3868,1,14,2
KN3869,1,2,1
KN3870,3,14,1
KN3871,2,8,2
KN3872,3,3,3
KN3873,3,13,2
KN3874,1,3,4
KN3875,2,8,3
KN3876,2,6,1
KN3877,1,5,2
KN3878,3,6,3
KN3879,3,12,1
KN3880,3,9,3
KN3881,3,5,1
KN3882,2,13,1
KN3883,2,9,3
KN3884,2,15,2
KN3885,2,12,4
KN3886,2,4,1
KN3887,2,13,2
KN3888,3,2,4
KN3889,1,15,1
KN3890,3,9,1
KN3891,3,4,2
KN3892,2,12,3
KN3893,2,5,2
KN3894,1,2,1
KN3895,2,14,4
KN3896,3,7,2
KN3897,1,10,1
KN3898,2,3,2
KN3899,2,2,4
KN3900,1,6,3
KN3901,3,3,4
KN3902,2,11,3
KN3903,1,13,2
KN3904,3,11,2
KN3905,2,7,4
KN3906,3,2,1
KN3907,1,13,3
KN3908,3,10,4
KN3909,3,6,2
KN3910,1,8,3
KN3911,1,7,1
KN3912,3,5,1
KN3913,2,15,3
KN3914,1,7,3
KN3915,3,2,2
KN3916,1,12,4
KN3917,2,15,4
KN3918,1,2,2
KN3919,3,4,1
KN3920,1,9,3
KN3921,2,12,4
KN3922,2,13,3
KN3923,2,1,2
KN3924,3,12,1
KN3925,3,13,3
KN3926,3,4,3
KN3927,3,5,4
KN3928,1,12,3
KN3929,1,3,3
KN3930,1,4,2
KN3931,3,15,1
KN3932,3,10,4
KN3933,2,12,3
KN3934,3,4,4
KN3935,3,12,4
KN3936,2,4,2
KN3937,2,12,3
KN3938,2,9,3
KN3939,3,7,2
KN3940,1,8,2
KN3941,2,10,1
KN3942,3,6,4
KN3943,2,5,2
KN3944,2,15,2
KN3945,2,14,3
KN3946,2,6,1
KN3947,2,1,3
KN3948,2,6,3
KN3949,1,3,3
KN3950,1,3,2
KN3951,3,11,4
KN3952,1,1,3
KN3953,3,1,1
KN3954,2,14,1
KN3955,3,7,3
KN3956,3,3,2
KN3957,1,5,4
KN3958,3,15,1
KN3959,2,2,2
KN3960,1,3,2
KN3961,2,5,1
KN3962,2,3,3
KN3963,3,4,3
KN3964,1,12,2
KN3965,3,13,4
KN3966,3,3,1
KN3967,1,13,2
KN3968,2,9,3
KN3969,3,15,2
KN3970,3,5,3
KN3971,2,14,3
KN3972,2,11,2
KN3973,3,4,1
KN3974,1,2,4
KN3975,3,8,4
KN3976,3,6,1
KN3977,2,6,4
KN3978,1,5,1
KN3979,2,7,3
KN3980,3,5,2
KN3981,2,8,1
KN3982,2,12,3
KN3983,1,14,1
KN3984,2,15,2
KN3985,1,5,3
KN3986,1,4,4
KN3987,1,8,4
KN3988,3,11,4
KN3989,3,6,3
KN3990,3,15,4
KN3991,1,12,2
KN3992,2,9,4
KN3993,1,9,4
KN3994,1,1,1
KN3995,2,14,3
KN3996,3,3,1
KN3997,3,11,2
KN3998,1,14,1
KN3999,1,13,1
