order_id,rating
TX3595,1
TX2740,5
TX4997,1
TX2758,2
TX1179,4
TX2155,2
TX1745,2
TX4169,5
TX1859,4
TX1795,5
TX2493,4
TX2441,3
TX4668,5
TX2033,4
TX1540,1
TX3909,5
TX1759,5
TX3781,3
TX2753,5
TX2717,1
TX933,4
TX4829,1
TX1351,4
TX4871,2
TX1746,1
TX3193,3
TX558,1
TX4382,3
TX3325,3
TX3474,3
TX2422,3
TX2532,4
TX3864,2
TX1577,5
TX2266,5
TX3794,2
TX116,1
TX4416,3
TX2129,4
TX48,5
TX3451,2
TX210,5
TX3901,1
TX135,1
TX398,4
TX1258,2
TX2700,1
TX4606,5
TX1910,2
TX2093,2
TX2007,2
TX642,1
TX188,3
TX3698,2
TX2965,3
TX3317,3
TX2534,5
TX757,2
TX227,4
TX1612,4
TX2470,4
TX2515,2
TX3141,3
TX181,4
TX1320,4
TX1666,2
TX117,1
TX1106,2
TX4369,4
TX3558,1
TX4934,2
TX1396,5
TX4609,4
TX567,2
TX3802,4
TX2485,2
TX97,1
TX1891,4
TX4900,3
TX4287,5
TX4922,4
TX4483,2
TX4414,2
TX3843,5
TX4290,1
TX2284,1
TX1751,3
TX1041,4
TX258,5
TX2552,3
TX4850,2
TX2946,1
TX3030,5
TX578,5
TX2730,4
TX2978,1
TX2341,3
TX723,1
TX488,4
TX3241,1
TX2239,4
TX3705,2
TX2347,1
TX810,2
TX2009,1
TX871,1
TX3823,1
TX1254,1
TX3905,2
TX2970,4
TX2559,4
TX1319,2
TX394,4
TX4762,1
TX4981,3
TX1767,4
TX714,2
TX3368,5
TX1188,2
TX1467,2
TX1699,5
TX843,3
TX4656,3
TX1580,5
TX2683,1
TX1160,1
TX3809,5
TX2780,3
TX1825,4
TX2002,1
TX882,2
TX3068,5
TX4200,1
TX996,3
TX3448,4
TX3817,2
TX4394,4
TX4873,2
TX3263,5
TX3929,5
TX1060,1
TX4918,2
TX4965,5
TX4745,5
TX1099,5
TX2343,3
TX3206,5
TX3850,2
TX1024,2
TX3319,4
TX3507,2
TX2547,3
TX3048,3
TX1823,2
TX1159,3
TX1056,5
TX2629,4
TX2969,2
TX1005,5
TX2537,2
TX2123,5
TX3450,2
TX2718,1
TX4317,1
TX2367,4
TX2181,2
TX3471,4
TX3246,3
TX693,3
TX3262,2
TX4931,1
TX3387,1
TX3000,5
TX4053,2
TX3165,5
TX613,2
TX3294,3
TX2419,1
TX79,3
TX638,2
TX3581,4
TX2218,5
TX3535,1
TX1970,5
TX19,2
TX4104,1
TX2052,1
TX49,3
TX3841,4
TX841,1
TX2215,3
TX1664,5
TX3857,1
TX2293,1
TX225,5
TX1238,1
TX676,3
TX1491,4
TX514,3
TX4115,2
TX3216,5
TX2478,2
TX3894,3
TX2207,3
TX2032,2
TX3944,5
TX3910,1
TX1388,4
TX4295,4
TX1896,4
TX2982,5
TX3561,5
TX3668,4
TX2337,4
TX1852,4
TX4975,1
TX3228,3
TX4628,5
TX4401,1
TX3851,2
TX4334,5
TX2240,4
TX2149,5
TX4910,3
TX4441,1
TX4201,5
TX1499,3
TX3362,2
TX275,4
TX4231,5
TX1131,5
TX4240,4
TX1782,2
TX44,1
TX2277,2
TX522,1
TX2085,5
TX571,2
TX3222,5
TX4277,3
TX625,1
TX4049,3
TX2919,1
TX3212,1
TX2900,1
TX4298,1
TX2501,1
TX557,2
TX1004,2
TX2854,1
TX809,4
TX513,3
TX1520,4
TX1754,5
TX4754,1
TX4188,4
TX760,4
TX2260,3
TX4840,4
TX2305,2
TX4340,3
TX1555,2
TX2297,3
TX2865,3
TX2481,3
TX846,1
TX2682,2
TX742,2
TX1907,4
TX4008,1
TX21,5
TX2258,1
TX3408,2
TX1947,1
TX802,5
TX100,1
TX2598,2
TX929,4
TX4244,2
TX3458,5
TX2685,1
TX4274,5
TX160,3
TX3404,2
TX2047,3
TX2804,1
TX1228,5
TX2106,1
TX4699,2
TX2567,2
TX4906,5
TX1968,1
TX149,5
TX3468,4
TX1148,5
TX4050,1
TX1142,5
TX2626,2
TX2979,1
TX4662,5
TX3603,5
TX4727,5
TX1707,5
TX1038,2
TX1027,1
TX1747,2
TX2132,3
TX4454,5
TX653,5
TX854,3
TX2616,1
TX4023,1
TX2405,5
TX4515,3
TX1684,2
TX4564,4
TX4652,5
TX4484,5
TX2533,1
TX1803,3
TX621,5
TX4078,5
TX3517,3
TX4469,3
TX1951,5
TX2845,1
TX3022,5
TX415,5
TX4589,2
TX4945,3
TX1376,4
TX1863,1
TX2067,5
TX745,5
TX154,1
TX3405,5
TX2021,1
TX3290,1
TX3353,4
TX339,5
TX1277,2
TX289,1
TX3249,5
TX4795,4
TX2506,2
TX915,2
TX2677,2
TX4619,2
TX4022,2
TX2801,4
TX3844,3
TX2996,3
TX3672,4
TX4604,4
TX133,1
TX4217,5
TX2888,4
TX3679,5
TX2732,1
TX2238,2
TX3922,5
TX3167,5
TX741,4
TX1616,5
TX1725,2
TX3470,3
TX2783,4
TX1403,5
TX2296,4
TX4833,2
TX3873,5
TX1253,4
TX3742,1
TX769,2
TX3502,4
TX2252,1
TX2269,2
TX4139,3
TX4544,4
TX2841,5
TX4445,2
TX3202,1
TX42,5
TX3987,1
TX2855,5
TX4710,4
TX2904,4
TX546,3
TX1900,1
TX4179,3
TX1036,1
TX2627,1
TX1775,1
TX92,2
TX3146,4
TX1275,2
TX1883,1
TX1088,4
TX4948,3
TX1485,2
TX2413,5
TX480,3
TX4386,4
TX4310,3
TX1796,5
TX1304,3
TX8,5
TX240,2
TX665,2
TX4579,5
TX1446,3
TX1233,3
TX4499,5
TX4574,3
TX673,4
TX900,1
TX598,3
TX3547,4
TX3532,5
TX3732,1
TX1780,1
TX898,2
TX2766,2
TX1845,5
TX3232,2
TX4941,3
TX3775,3
TX3300,2
TX1477,4
TX595,1
TX1774,4
TX1072,5
TX4191,1
TX1235,4
TX786,1
TX4361,5
TX4554,5
TX3277,5
TX3306,2
TX245,1
TX3493,2
TX52,3
TX1888,1
TX4137,5
TX2571,1
TX2964,2
TX2631,1
TX4611,3
TX2895,1
TX3883,2
TX1581,5
TX1290,3
TX2224,5
TX4440,4
TX647,2
TX1689,3
TX1382,5
TX3700,1
TX4620,4
TX2314,1
TX2410,4
TX1886,4
TX343,5
TX1593,3
TX1017,4
TX3514,1
TX889,2
TX3776,2
TX4730,3
TX922,4
TX4453,1
TX675,5
TX2161,5
TX159,4
TX1317,1
TX4591,1
TX609,1
TX3762,2
TX793,3
TX4466,3
TX1219,3
TX1549,4
TX2433,5
TX425,2
TX1537,3
TX3655,5
TX2911,4
TX4455,1
TX773,5
TX175,2
TX228,3
TX2809,2
TX340,4
TX3664,5
TX1561,5
TX148,5
TX805,4
TX4434,3
TX3628,5
TX2734,1
TX3356,5
TX2903,3
TX2368,4
TX4823,1
TX3153,3
TX4488,5
TX3323,3
TX683,2
TX3269,1
TX2850,1
TX3203,5
TX1300,3
TX1693,1
TX3472,2
TX4189,2
TX4848,2
TX593,5
TX3198,3
TX3324,5
TX708,2
TX2642,4
TX3360,3
TX1964,4
TX426,3
TX4861,1
TX3554,4
TX724,5
TX2602,5
TX2188,3
TX56,2
TX4645,4
TX4805,4
TX4436,3
TX669,4
TX4439,1
TX4828,5
TX4857,5
TX781,5
TX3846,3
TX2827,1
TX4485,1
TX4659,4
TX2932,5
TX2166,4
TX2690,3
TX1418,3
TX877,2
TX2164,4
TX3456,3
TX2706,1
TX364,2
TX4308,3
TX868,2
TX4764,3
TX1809,5
TX1952,3
TX2771,4
TX803,5
TX3815,2
TX3054,2
TX2292,2
TX4751,5
TX86,5
TX2822,2
TX223,4
TX3712,4
TX3100,1
TX2582,2
TX772,3
TX1393,1
TX2741,1
TX3044,2
TX1135,3
TX1340,1
TX716,5
TX2418,5
TX4108,2
TX85,2
TX2826,5
TX1897,5
TX523,1
TX1842,5
TX2120,5
TX1862,2
TX1878,5
TX4090,5
TX986,3
TX4926,4
TX1572,2
TX185,5
TX435,4
TX4351,2
TX824,4
TX1565,4
TX2729,1
TX4156,4
TX2414,5
TX1739,3
TX3920,4
TX176,1
TX1523,2
TX3660,3
TX88,4
TX3632,1
TX917,3
TX4163,3
TX166,4
TX217,5
TX2628,3
TX3933,5
TX932,3
TX1280,3
TX271,1
TX37,5
TX4175,2
TX2495,5
TX4976,2
TX4969,1
TX3607,4
TX1092,2
TX358,5
TX823,1
TX1652,3
TX4390,4
TX3586,4
TX960,5
TX3343,2
TX2285,2
TX4333,5
TX4743,4
TX3791,3
TX3599,3
TX2897,3
TX2158,2
TX2279,4
TX2189,1
TX3653,5
TX689,1
TX1473,3
TX4343,2
TX367,4
TX4560,5
TX3702,2
TX2519,1
TX3341,3
TX2797,3
TX4210,2
TX2454,2
TX501,5
TX2604,3
TX2726,2
TX3602,2
TX4458,4
TX2143,2
TX3183,2
TX4230,4
TX4095,4
TX1284,2
TX4886,2
TX3971,3
TX1609,1
TX3330,1
TX3075,4
TX3391,5
TX4992,1
TX3412,4
TX946,2
TX1069,3
TX3937,2
TX3498,2
TX4827,3
TX3717,5
TX455,2
TX3684,4
TX4083,2
TX4182,1
TX1329,2
TX524,2
TX2080,1
TX60,3
TX1337,1
TX167,2
TX4902,2
TX3647,2
TX2793,3
TX2588,3
TX3721,1
TX4674,2
TX4738,5
TX3818,3
TX1857,1
TX2082,1
TX3521,3
TX1874,2
TX4603,4
TX1611,2
TX2151,1
TX335,2
TX4541,3
TX3395,4
TX1332,4
TX2008,2
TX1816,5
TX2590,4
TX4989,2
TX2241,4
TX4376,1
TX552,4
TX4834,2
TX3641,1
TX3233,5
TX1904,4
TX3433,3
TX4352,5
TX3543,1
TX1641,2
TX2749,2
TX2402,3
TX2862,4
TX4342,5
TX4734,2
TX139,1
TX2499,1
TX2511,5
TX4643,4
TX254,2
TX2517,5
TX4911,2
TX2776,1
TX2329,2
TX3304,5
TX3784,2
TX2150,2
TX4415,5
TX3321,3
TX3598,5
TX3985,2
TX3610,1
TX4301,5
TX4350,3
TX1279,2
TX4448,5
TX2128,3
TX2249,1
TX238,2
TX1234,3
TX3388,3
TX1737,4
TX2805,5
TX2474,1
TX3879,2
TX1532,1
TX1748,3
TX953,1
TX1973,2
TX4016,3
TX4888,5
TX334,3
TX2929,5
TX2983,5
TX3556,2
TX3562,4
TX3609,2
TX4913,2
TX771,1
TX3678,1
TX4592,4
TX1579,4
TX2061,5
TX3861,3
TX765,2
TX2138,2
TX2856,5
TX829,5
TX1414,4
TX3958,3
TX3615,1
TX2698,2
TX2554,1
TX4470,3
TX4131,4
TX4653,5
TX3707,4
TX4687,3
TX264,5
TX4107,1
TX1093,3
TX1574,5
TX4921,2
TX2351,3
TX599,5
TX2673,5
TX2647,2
TX4985,1
TX2531,2
TX3953,3
TX3226,3
TX3845,1
TX3496,2
TX2550,5
TX4673,5
TX3820,4
TX672,5
TX3152,4
TX1270,5
TX2448,1
TX4607,2
TX2725,1
TX1608,2
TX2670,5
TX1629,1
TX952,4
TX4241,1
TX3761,5
TX1955,5
TX1028,3
TX2998,4
TX2288,1
TX3469,4
TX2291,2
TX2668,3
TX4311,4
TX305,2
TX2775,3
TX332,5
TX1642,2
TX2133,2
TX2926,1
TX2346,4
TX1517,2
TX712,4
TX2438,2
TX218,1
TX2756,1
TX1657,4
TX798,2
TX2304,3
TX2092,1
TX981,2
TX140,3
TX390,2
TX2614,2
TX4859,5
TX817,1
TX580,2
TX2078,2
TX329,3
TX4128,3
TX1214,4
TX1558,1
TX1212,3
TX3014,2
TX2765,5
TX3378,3
TX4235,1
TX3821,1
TX2656,4
TX393,1
TX1344,1
TX1744,2
TX4314,2
TX3696,3
TX4500,5
TX1669,1
TX1225,3
TX3400,5
TX2465,4
TX3119,1
TX4565,5
TX3475,1
TX2472,4
TX2564,3
TX4548,4
TX4147,2
TX4407,4
TX740,2
TX4907,4
TX2191,5
TX703,1
TX837,2
TX4178,5
TX1640,3
TX4820,4
TX3114,4
TX65,2
TX2574,5
TX375,1
TX3452,1
TX1000,1
TX3938,4
TX3834,2
TX2569,3
TX3682,5
TX4741,1
TX3512,1
TX2031,4
TX2651,4
TX4971,3
TX4847,3
TX2909,5
TX4996,5
TX2331,1
TX4698,1
TX1453,3
TX3601,2
TX556,4
TX1468,4
TX2434,3
TX3463,5
TX1264,1
TX4955,1
TX2504,4
TX1367,3
TX3177,4
TX4300,1
TX3129,4
TX2202,1
TX3693,3
TX4872,1
TX2681,3
TX2507,2
TX4027,3
TX4071,1
TX3959,5
TX3037,2
TX2176,4
TX497,5
TX2216,3
TX1732,5
TX4637,5
TX2834,2
TX4957,4
TX1043,5
TX3592,2
TX3018,1
TX156,1
TX417,2
TX2232,3
TX3348,4
TX1128,3
TX4086,3
TX1861,4
TX4003,2
TX1302,3
TX2322,3
TX444,2
TX3006,3
TX3453,4
TX3138,4
TX3921,4
TX611,5
TX4028,1
TX2109,1
TX3536,2
TX4899,5
TX4890,1
TX338,3
TX4208,2
TX4312,2
TX4097,3
TX3943,3
TX2767,3
TX2722,5
TX3571,1
TX4635,1
TX2209,4
TX2315,1
TX1425,2
TX2276,5
TX3946,3
TX4709,1
TX4789,1
TX2540,1
TX2713,4
TX3589,3
TX3166,2
TX4035,4
TX1675,3
TX2172,1
TX2844,5
TX4190,5
TX1943,4
TX1037,3
TX81,1
TX2977,5
TX4988,2
TX1814,3
TX3215,1
TX1015,1
TX205,1
TX4657,5
TX3436,2
TX1115,1
TX1793,4
TX564,3
TX2819,4
TX1156,4
TX1505,3
TX666,2
TX618,5
TX3955,4
TX988,5
TX4633,5
TX2585,5
TX2778,3
TX2989,5
TX446,2
TX4654,4
TX2702,5
TX4817,3
TX1651,4
TX2959,4
TX2553,1
TX3326,4
TX4746,2
TX591,2
TX379,4
TX318,3
TX1908,2
TX936,3
TX2747,4
TX4323,4
TX4536,3
TX4810,3
TX2088,5
TX1596,2
TX3643,3
TX104,4
TX4577,3
TX1479,4
TX4262,4
TX2680,4
TX316,1
TX2599,5
TX4444,5
TX459,3
TX537,1
TX821,4
TX3848,3
TX2064,3
TX3074,3
TX835,4
TX2901,4
TX2171,4
TX1476,2
TX3135,4
TX253,5
TX4876,5
TX4832,3
TX974,5
TX3428,2
TX2645,4
TX1220,2
TX2891,5
TX659,3
TX3907,3
TX1164,1
TX3824,2
TX582,1
TX697,1
TX2770,2
TX1688,1
TX3481,5
TX3423,3
TX4912,1
TX4284,5
TX345,2
TX4346,4
TX3947,1
TX3072,2
TX2023,5
TX2371,4
TX30,1
TX487,1
TX2787,5
TX1879,3
TX1954,5
TX2968,5
TX2606,5
TX1286,2
TX4978,2
TX2110,3
TX1554,3
TX1524,2
TX3302,3
TX2219,3
TX4676,2
TX4666,4
TX2148,3
TX1021,1
TX1667,1
TX1982,1
TX2617,1
TX3164,2
TX4341,2
TX1055,3
TX1721,4
TX4112,2
TX1773,3
TX2430,1
TX2350,1
TX4125,2
TX1029,4
TX718,1
TX2074,2
TX2992,3
TX2365,2
TX3367,4
TX1762,4
TX2773,5
TX2056,5
TX696,1
TX705,2
TX1692,2
TX3376,2
TX321,2
TX162,4
TX2691,2
TX2016,3
TX1870,1
TX3667,5
TX126,3
TX819,4
TX2409,5
TX3503,2
TX2183,2
TX347,1
TX4222,5
TX3020,2
TX966,1
TX3159,1
TX2384,5
TX3896,5
TX1052,4
TX2875,5
TX1232,4
TX4879,4
TX1053,4
TX3248,1
TX4678,2
TX3390,4
TX4797,2
TX2605,3
TX4449,1
TX1010,2
TX1635,3
TX1432,1
TX3047,4
TX3801,4
TX4456,5
TX1533,2
TX3060,4
TX3057,1
TX4865,2
TX3291,5
TX1288,4
TX138,2
TX2136,4
TX919,3
TX4940,2
TX4972,1
TX2686,1
TX560,4
TX4089,1
TX2444,4
TX4790,3
TX839,1
TX416,4
TX2579,4
TX4020,5
TX2676,5
TX1958,1
TX2920,1
TX1946,4
TX1392,1
TX194,2
TX3878,4
TX1815,5
TX4117,1
TX2575,4
TX2949,2
TX428,1
TX3258,3
TX713,3
TX3978,2
TX1247,5
TX3130,5
TX98,4
TX3549,3
TX2072,1
TX4166,3
TX283,4
TX395,2
TX2635,1
TX3032,3
TX2620,4
TX754,1
TX4072,4
TX3385,1
TX3642,4
TX3890,3
TX738,5
TX155,2
TX4682,3
TX4065,3
TX3173,5
TX330,4
TX3479,3
TX207,2
TX2737,5
TX2908,5
TX3109,1
TX969,2
TX1260,2
TX386,1
TX4719,3
TX2736,3
TX1111,2
TX2754,5
TX1222,4
TX4613,2
TX1938,1
TX1950,2
TX4641,2
TX633,4
TX4915,3
TX2312,3
TX2497,2
TX2320,3
TX2669,2
TX1819,5
TX158,4
TX4184,1
TX4636,4
TX3143,4
TX24,2
TX1480,3
TX3116,5
TX2816,5
TX2407,5
TX2250,1
TX983,3
TX2298,3
TX4991,5
TX29,2
TX2122,1
TX161,3
TX2445,5
TX4082,1
TX1656,1
TX1892,1
TX905,1
TX3559,2
TX3612,5
TX3431,2
TX2757,4
TX276,2
TX468,2
TX908,5
TX200,1
TX2168,1
TX2678,3
TX3115,1
TX231,3
TX1487,5
TX4425,1
TX1046,4
TX389,3
TX3309,3
TX3616,1
TX3229,2
TX3917,5
TX2053,2
TX3464,4
TX2344,4
TX1353,4
TX4263,3
TX3690,1
TX2300,4
TX4705,2
TX2693,5
TX3812,2
TX4689,3
TX2103,4
TX1289,5
TX2859,1
TX4411,3
TX136,1
TX2370,4
TX2412,2
TX2925,3
TX3786,2
TX1713,4
TX2042,1
TX3597,1
TX1486,3
TX1512,1
TX3337,2
TX4272,2
TX4702,2
TX891,1
TX1497,3
TX2362,5
TX2062,5
TX1356,4
TX2357,4
TX1439,1
TX399,1
TX4388,4
TX2738,4
TX1163,2
TX3529,3
TX904,4
TX2707,1
TX1035,4
TX4961,3
TX3476,5
TX911,5
TX3150,1
TX4363,5
TX3082,2
TX349,3
TX249,5
TX4391,4
TX2910,4
TX1026,3
TX3120,3
TX4598,5
TX50,4
TX3973,4
TX3461,4
TX3874,3
TX4402,3
TX1881,3
TX4587,4
TX3557,1
TX2203,3
TX2774,3
TX2094,3
TX792,4
TX1535,2
TX3942,3
TX4933,3
TX3007,2
TX4739,3
TX3952,3
TX4419,2
TX1386,3
TX1075,5
TX83,3
TX4283,3
TX1620,5
TX1078,2
TX3370,5
TX3320,1
TX1991,3
TX2541,3
TX1472,1
TX4102,4
TX999,3
TX4385,4
TX3231,3
TX4521,1
TX2675,4
TX4903,5
TX3935,4
TX4007,1
TX4951,3
TX2196,3
TX2170,3
TX3289,1
TX362,2
TX3310,4
TX2671,3
TX2791,3
TX3759,3
TX2832,4
TX1519,5
TX732,5
TX3875,4
TX2751,5
TX4001,1
TX4788,4
TX2117,3
TX751,1
TX526,4
TX1534,5
TX2795,3
TX274,1
TX3318,1
TX4632,4
TX4457,1
TX1761,1
TX1119,2
TX3740,1
TX1338,2
TX3224,2
TX1763,5
TX2336,5
TX2326,3
TX1369,1
TX3993,5
TX1576,4
TX4426,2
TX4569,3
TX4621,4
TX1143,2
TX2360,2
TX4806,2
TX3774,4
TX4318,3
TX859,5
TX421,5
TX3804,2
TX4807,4
TX3737,2
TX2589,5
TX2814,1
TX4530,1
TX1522,4
TX1470,4
TX4261,5
TX795,1
TX3399,1
TX247,4
TX55,1
TX3379,4
TX2971,1
TX2954,4
TX3884,5
TX3059,1
TX4289,1
TX1318,4
TX1601,3
TX4012,2
TX3491,1
TX4563,4
TX1013,1
TX4490,4
TX1165,1
TX1650,3
TX574,1
TX2975,4
TX4264,5
TX2049,3
TX61,1
TX994,5
TX4525,2
TX2607,4
TX2157,4
TX594,5
TX4977,2
TX2264,2
TX2306,3
TX3015,3
TX3636,2
TX1011,1
TX352,2
TX1267,3
TX2716,3
TX3972,1
TX3093,3
TX2429,2
TX2500,5
TX3034,2
TX3658,1
TX336,4
TX4194,2
TX1598,3
TX450,4
TX474,3
TX3247,5
TX1613,1
TX2126,5
TX1539,5
TX3133,2
TX3588,3
TX4186,3
TX4141,3
TX4651,5
TX486,5
TX3509,2
TX3764,2
TX1858,4
TX3271,2
TX2887,4
TX3067,1
TX570,2
TX301,4
TX912,3
TX860,4
TX2561,2
TX2950,2
TX4692,2
TX4063,5
TX4148,1
TX4920,2
TX64,2
TX4782,2
TX4109,1
TX3718,2
TX4087,4
TX1617,2
TX3579,2
TX255,1
TX4438,3
TX880,4
TX403,5
TX4892,1
TX3264,4
TX3023,4
TX918,4
TX87,5
TX4040,2
TX3288,4
TX4362,1
TX3079,1
TX68,1
TX1979,5
TX649,5
TX4463,3
TX2638,5
TX4320,5
TX873,2
TX941,2
TX4547,1
TX499,4
TX4421,4
TX4146,2
TX2479,5
TX1139,4
TX3621,2
TX2739,5
TX304,2
TX2063,1
TX731,4
TX4583,1
TX4849,1
TX182,2
TX832,4
TX2290,3
TX1282,5
TX4056,2
TX3085,4
TX3847,2
TX3962,2
TX2185,2
TX3833,5
TX1997,5
TX3398,1
TX2948,3
TX1930,4
TX4683,3
TX3280,1
TX3828,4
TX1553,2
TX1864,3
TX1875,4
TX1058,5
TX2208,4
TX5,5
TX4537,4
TX3043,1
TX1359,5
TX2116,1
TX3490,2
TX1130,2
TX4045,4
TX559,2
TX4205,1
TX3065,1
TX1618,1
TX701,5
TX4406,2
TX2840,3
TX3106,2
TX259,5
TX4770,5
TX4462,4
TX1935,2
TX4304,3
TX1662,1
TX1995,1
TX4229,1
TX105,5
TX600,1
TX327,4
TX3334,2
TX3104,3
TX1138,3
TX3620,2
TX942,4
TX3505,3
TX411,2
TX1931,4
TX3439,3
TX74,2
TX3625,3
TX3925,3
TX2881,3
TX1423,2
TX1249,4
TX2857,3
TX4669,5
TX1435,2
TX31,3
TX1648,1
TX2761,5
TX1840,5
TX858,5
TX3345,3
TX470,5
TX1464,1
TX2182,4
TX4368,2
TX2124,2
TX2245,3
TX4824,2
TX2153,3
TX1986,5
TX3335,4
TX2918,5
TX3768,4
TX3126,2
TX457,3
TX3862,4
TX4002,2
TX3590,5
TX2654,1
TX1586,4
TX1301,2
TX257,2
TX624,3
TX1527,3
TX2941,3
TX1645,3
TX1742,4
TX3349,1
TX1673,3
TX796,3
TX562,5
TX2398,1
TX2321,3
TX3575,4
TX384,5
TX4983,5
TX0,1
TX690,3
TX2034,3
TX451,1
TX1835,5
TX2937,1
TX1766,2
TX3533,2
TX1463,3
TX4389,4
TX4452,1
TX2275,4
TX2587,4
TX949,2
TX1174,2
TX4877,4
TX2193,3
TX3134,2
TX3750,1
TX674,3
TX3214,2
TX118,1
TX82,2
TX2050,4
TX2914,4
TX2383,2
TX1209,4
TX3227,4
TX2152,1
TX766,3
TX1871,1
TX462,2
TX4446,4
TX2786,3
TX4758,4
TX547,4
TX2880,1
TX1607,1
TX4610,5
TX4935,2
TX2603,4
TX3747,1
TX27,3
TX2364,5
TX4597,3
TX1714,4
TX1146,1
TX4664,3
TX3745,1
TX2581,4
TX437,1
TX3113,1
TX3058,5
TX4924,3
TX1019,3
TX735,4
TX1498,5
TX814,1
TX2883,1
TX3670,1
TX4748,4
TX2789,2
TX2577,4
TX3829,2
TX4177,5
TX2530,3
TX834,2
TX813,2
TX2330,4
TX190,4
TX1726,4
TX300,5
TX2041,1
TX1860,5
TX3689,3
TX3715,2
TX3706,5
TX759,2
TX4697,3
TX4472,1
TX4796,2
TX3099,5
TX54,3
TX3800,3
TX1770,3
TX2388,4
TX236,4
TX3726,1
TX3572,5
TX715,1
TX1113,4
TX2,2
TX3799,4
TX3053,4
TX1042,3
TX3297,2
TX1992,1
TX1141,5
TX3522,3
TX1355,2
TX1308,5
TX2745,3
TX2689,4
TX2119,3
TX4578,2
TX836,4
TX688,5
TX2674,4
TX977,4
TX4946,4
TX1807,4
TX1240,2
TX219,1
TX4558,3
TX4474,5
TX1061,1
TX1428,3
TX4464,3
TX35,5
TX445,3
TX3235,2
TX202,2
TX465,4
TX4143,2
TX3366,2
TX216,4
TX1283,2
TX4403,4
TX4170,3
TX3748,3
TX4171,3
TX449,3
TX2542,2
TX2424,5
TX142,1
TX4076,4
TX1379,1
TX4302,1
TX2338,3
TX2549,2
TX734,3
TX478,5
TX662,4
TX1827,3
TX1582,3
TX2947,2
TX374,2
TX432,4
TX4167,1
TX2525,3
TX3951,4
TX2505,5
TX3171,3
TX2366,3
TX1975,3
TX3492,4
TX845,1
TX4150,5
TX4058,4
TX3017,4
TX3691,1
TX4514,3
TX2011,3
TX1562,3
TX4982,4
TX1262,4
TX346,1
TX4165,4
TX1885,5
TX811,3
TX3860,3
TX682,4
TX2600,1
TX2012,4
TX3842,4
TX2439,5
TX763,5
TX3605,1
TX2633,2
TX3699,1
TX4337,2
TX2526,1
TX1057,5
TX3646,4
TX3797,4
TX3754,1
TX204,2
TX302,4
TX1442,1
TX3295,5
TX76,5
TX492,5
TX677,3
TX2960,1
TX4531,5
TX4423,3
TX1328,4
TX4203,4
TX4671,5
TX4233,3
TX652,1
TX3327,3
TX170,2
TX184,1
TX4765,3
TX4427,1
TX491,4
TX1016,5
TX3121,2
TX1925,3
TX1757,4
TX3539,5
TX4520,1
TX643,4
TX3739,1
TX2268,1
TX2510,3
TX1956,3
TX2597,4
TX4614,3
TX2849,1
TX4640,5
TX1451,3
TX3772,3
TX2323,4
TX2518,3
TX3948,1
TX3649,5
TX3446,3
TX261,5
TX4181,5
TX173,2
TX3911,4
TX631,1
TX2442,4
TX2428,4
TX3175,4
TX2077,5
TX4649,4
TX3172,4
TX2931,1
TX687,4
TX886,5
TX1001,1
TX1314,3
TX3870,1
TX711,4
TX4428,2
TX1729,1
TX4819,3
TX4973,5
TX3449,2
TX211,4
TX4404,5
TX4956,3
TX1720,3
TX4114,1
TX2940,5
TX990,5
TX1230,1
TX4814,4
TX281,5
TX3758,3
TX951,5
TX4399,1
TX2394,1
TX3753,4
TX2135,4
TX2637,4
TX3244,2
TX2874,4
TX991,5
TX2333,3
TX4690,5
TX2807,4
TX2794,2
TX626,2
TX4033,1
TX3196,2
TX2416,1
TX4392,1
TX3086,3
TX1455,3
TX3040,1
TX579,4
TX1465,5
TX73,3
TX3036,2
TX2237,2
TX4767,1
TX2655,1
TX4791,5
TX2556,1
TX2817,1
TX4724,2
TX3604,5
TX2463,5
TX4062,4
TX3402,4
TX4715,3
TX4120,5
TX2812,2
TX975,1
TX927,5
TX1529,4
TX1441,1
TX863,2
TX2055,1
TX1107,2
TX356,5
TX1047,3
TX1198,1
TX2961,4
TX296,5
TX4582,3
TX3457,3
TX1967,5
TX193,3
TX2212,3
TX2243,4
TX2303,2
TX1516,5
TX3051,3
TX2356,2
TX4830,3
TX1624,4
TX307,4
TX203,2
TX1252,5
TX4145,3
TX3992,3
TX4677,4
TX3118,4
TX3329,1
TX1402,5
TX1406,4
TX3988,5
TX130,1
TX739,3
TX3107,5
TX2192,5
TX461,4
TX1559,4
TX3056,3
TX1330,4
TX3913,1
TX1145,1
TX4942,3
TX4221,1
TX2247,2
TX3723,4
TX297,4
TX3792,5
TX1764,5
TX3098,3
TX58,3
TX2030,2
TX1326,5
TX1404,3
TX4266,1
TX3790,3
TX2861,4
TX1438,1
TX3009,4
TX1295,2
TX2242,3
TX3730,5
TX4706,2
TX943,5
TX4371,5
TX4822,4
TX2653,1
TX4413,4
TX2592,2
TX913,3
TX456,1
TX2636,2
TX3253,1
TX3420,2
TX592,5
TX2059,4
TX584,3
TX3466,1
TX3273,1
TX2557,2
TX2455,1
TX3158,1
TX1370,2
TX4254,3
TX2262,3
TX2889,4
TX2134,3
TX2684,5
TX2733,2
TX2933,1
TX1563,3
TX4132,5
TX3683,1
TX1595,2
TX1895,2
TX1939,2
TX2396,5
TX2967,5
TX3661,2
TX782,1
TX1944,1
TX4255,1
TX3012,5
TX89,4
TX388,2
TX2165,3
TX862,2
TX2625,1
TX220,1
TX1573,5
TX2102,2
TX2934,1
TX3752,4
TX1149,4
TX2451,2
TX2748,2
TX4420,5
TX4883,3
TX2821,1
TX4576,3
TX671,3
TX2957,2
TX2892,1
TX2101,1
TX3931,3
TX1660,5
TX3977,5
TX3789,4
TX12,3
TX4776,4
TX869,4
TX3315,4
TX1083,2
TX3949,4
TX1368,4
TX4843,4
TX3338,3
TX1327,3
TX848,5
TX2361,2
TX1281,1
TX800,5
TX3039,1
TX1033,5
TX1237,2
TX4958,2
TX4326,1
TX3038,1
TX3157,5
TX3611,5
TX2222,2
TX4502,5
TX2392,4
TX125,4
TX472,5
TX1915,5
TX1556,5
TX2731,4
TX2466,5
TX993,3
TX615,5
TX2141,3
TX1749,2
TX101,1
TX1920,3
TX2174,3
TX1510,3
TX617,4
TX110,4
TX1679,1
TX1786,5
TX453,3
TX2037,4
TX2762,1
TX4838,5
TX4269,2
TX4901,5
TX3488,5
TX2573,4
TX3553,2
TX512,4
TX1776,2
TX2703,3
TX4835,3
TX1266,2
TX423,3
TX4450,1
TX1065,4
TX3101,3
TX3644,3
TX1493,1
TX2389,2
TX4518,1
TX612,3
TX4681,5
TX4387,2
TX1081,3
TX2178,2
TX3760,3
TX4986,5
TX628,4
TX4130,2
TX256,3
TX838,4
TX2825,5
TX1542,5
TX4111,5
TX4074,4
TX2464,1
TX3375,5
TX3050,5
TX965,4
TX113,3
TX1772,3
TX4164,1
TX2281,5
TX4634,3
TX1210,3
TX2923,1
TX4430,1
TX481,3
TX57,4
TX1740,3
TX1700,4
TX4197,5
TX1788,1
TX2057,1
TX40,5
TX2913,2
TX313,4
TX3867,5
TX298,4
TX4889,2
TX3278,2
TX2974,1
TX1140,3
TX2781,1
TX1335,3
TX4080,4
TX1715,3
TX412,2
TX532,5
TX707,2
TX3926,2
TX3108,2
TX1074,3
TX3626,2
TX392,5
TX4959,3
TX3608,4
TX4588,3
TX636,5
TX2962,5
TX4508,2
TX1012,5
TX1362,3
TX2096,2
TX1724,2
TX4783,1
TX3569,1
TX378,2
TX4737,2
TX515,1
TX4259,1
TX3906,5
TX312,2
TX4980,4
TX2712,1
TX243,2
TX2563,1
TX4046,3
TX3568,3
TX1080,3
TX94,5
TX2054,1
TX4507,1
TX536,1
TX3355,1
TX2944,3
TX4048,3
TX4057,5
TX4750,3
TX3027,2
TX1251,5
TX3483,3
TX2708,1
TX3373,2
TX2435,5
TX1346,4
TX4006,3
TX1445,2
TX1738,2
TX1309,4
TX3891,4
TX3386,1
TX3954,3
TX1123,4
TX3013,2
TX3914,1
TX3083,2
TX387,3
TX2558,4
TX3550,1
TX2584,4
TX3418,5
TX2387,3
TX888,5
TX767,5
TX801,5
TX2649,4
TX3495,2
TX4661,3
TX914,2
TX3427,4
TX443,2
TX3066,2
TX2896,2
TX4510,2
TX3176,1
TX3259,4
TX3303,1
TX1096,1
TX3577,2
TX4355,5
TX1397,1
TX141,1
TX2521,1
TX3997,3
TX1846,5
TX164,4
TX4766,2
TX3191,4
TX4818,1
TX2935,2
TX2086,1
TX4037,3
TX1936,4
TX490,4
TX1811,3
TX3876,3
TX2355,3
TX587,4
TX4868,4
TX3285,3
TX3296,4
TX1959,5
TX3630,3
TX4688,3
TX4949,4
TX699,3
TX1680,3
TX1380,2
TX3526,1
TX1257,4
TX131,1
TX3407,1
TX4650,2
TX4974,5
TX1758,5
TX311,3
TX1495,5
TX2768,5
TX3124,1
TX1568,2
TX2619,1
TX1170,3
TX337,2
TX3838,5
TX3617,2
TX2884,5
TX495,3
TX2317,2
TX1987,5
TX1508,5
TX3538,4
TX4059,2
TX234,5
TX4733,1
TX1244,2
TX685,5
TX1292,5
TX4336,1
TX4777,5
TX469,2
TX3888,1
TX4757,1
TX583,2
TX4291,2
TX3853,5
TX409,3
TX3240,2
TX33,2
TX902,5
TX702,3
TX314,3
TX3393,1
TX3765,2
TX4113,4
TX3028,3
TX2458,1
TX2257,3
TX4919,1
TX504,4
TX620,1
TX2127,3
TX2452,4
TX764,3
TX3254,2
TX3803,3
TX3656,5
TX4799,5
TX1381,2
TX3352,4
TX4398,1
TX3219,4
TX3871,2
TX561,4
TX3798,5
TX627,1
TX545,4
TX1383,3
TX3746,3
TX3076,1
TX3736,2
TX1030,1
TX1191,2
TX1155,5
TX371,2
TX3624,1
TX4893,1
TX373,4
TX3021,3
TX2295,1
TX1566,4
TX4187,4
TX4447,4
TX2658,3
TX1285,1
TX2070,1
TX1002,2
TX3966,1
TX233,5
TX961,4
TX847,2
TX3915,1
TX1918,3
TX3350,5
TX1032,2
TX4571,4
TX1681,4
TX1636,3
TX3666,4
TX2376,2
TX165,4
TX1068,1
TX4185,5
TX1452,3
TX6,4
TX4773,1
TX1261,5
TX3881,2
TX4936,5
TX1134,5
TX4711,1
TX4195,4
TX2027,4
TX2075,5
TX4088,4
TX1708,1
TX2039,5
TX698,2
TX3885,3
TX129,1
TX2917,5
TX867,3
TX4627,5
TX4498,4
TX4039,1
TX4953,4
TX565,3
TX3184,2
TX2184,5
TX4408,5
TX3078,3
TX4409,2
TX2415,2
TX322,1
TX1695,2
TX3534,4
TX785,3
TX1697,1
TX3069,1
TX406,3
TX1806,4
TX1810,2
TX1822,4
TX4529,1
TX320,3
TX1213,2
TX2924,1
TX284,5
TX4704,5
TX1102,5
TX3877,5
TX2480,5
TX2788,5
TX935,5
TX4763,5
TX2324,5
TX63,2
TX623,1
TX1044,2
TX134,2
TX4412,1
TX1484,3
TX4686,5
TX4759,5
TX2423,4
TX108,2
TX2488,4
TX1410,5
TX3223,2
TX4584,1
TX3506,2
TX3887,2
TX1976,1
TX3837,3
TX575,2
TX3520,4
TX3711,5
TX1208,2
TX1717,3
TX4211,4
TX3430,3
TX18,3
TX328,1
TX4288,3
TX3344,4
TX4073,3
TX77,4
TX1200,2
TX4489,2
TX729,4
TX1709,5
TX2382,2
TX1865,1
TX252,4
TX1834,4
TX3560,2
TX1183,1
TX4747,1
TX4837,5
TX3555,3
TX3585,4
TX1847,4
TX2987,4
TX93,2
TX1349,5
TX3478,4
TX3190,5
TX4760,4
TX4044,1
TX277,3
TX2509,2
TX2906,2
TX684,2
TX3454,5
TX102,4
TX1826,1
TX4812,2
TX970,4
TX4923,4
TX4670,1
TX2318,4
TX968,2
TX4060,4
TX1733,4
TX382,3
TX4258,4
TX369,4
TX2644,5
TX4925,5
TX3663,4
TX1723,2
TX1564,1
TX3727,5
TX3816,5
TX1178,1
TX4542,4
TX644,4
TX4916,4
TX1848,2
TX1829,5
TX3623,1
TX3197,1
TX1988,5
TX1223,4
TX3372,1
TX1345,2
TX1575,2
TX3923,2
TX4897,5
TX3218,5
TX2459,3
TX3459,2
TX931,4
TX1022,3
TX4305,5
TX572,4
TX1853,5
TX641,1
TX1631,5
TX1752,3
TX3855,1
TX2490,3
TX3694,5
TX3751,4
TX2951,3
TX1787,5
TX3516,3
TX1315,4
TX2282,4
TX4216,4
TX3484,5
TX4615,1
TX2760,5
TX3969,3
TX4612,1
TX376,1
TX4572,3
TX2624,1
TX939,5
TX4550,5
TX3613,4
TX2494,2
TX1341,5
TX3497,5
TX1089,2
TX4952,3
TX429,3
TX4667,1
TX2010,1
TX380,4
TX4417,1
TX2107,3
TX3918,4
TX4966,5
TX2229,2
TX725,3
TX1768,2
TX1884,1
TX610,4
TX1215,5
TX3011,1
TX4826,3
TX152,1
TX1268,3
TX4878,2
TX4372,3
TX4009,5
TX1216,3
TX4846,5
TX270,2
TX791,1
TX2846,2
TX3785,1
TX1661,2
TX363,3
TX4798,1
TX199,1
TX2115,2
TX1461,5
TX3396,1
TX691,1
TX2905,4
TX2046,5
TX632,1
TX1966,3
TX1120,3
TX770,5
TX646,1
TX2006,1
TX4239,5
TX3708,1
TX4869,2
TX4546,5
TX4728,5
TX3105,1
TX244,5
TX2487,2
TX3266,3
TX310,3
TX3886,5
TX3045,4
TX2467,1
TX2180,3
TX2981,4
TX2952,1
TX2437,4
TX4680,1
TX2611,4
TX3908,3
TX4930,5
TX972,1
TX2286,3
TX614,4
TX925,5
TX3174,3
TX962,4
TX3856,2
TX3236,2
TX1296,2
TX2083,1
TX3026,3
TX4984,1
TX4605,1
TX4631,2
TX4471,2
TX2811,2
TX1625,4
TX4118,4
TX2121,1
TX4377,4
TX2576,2
TX3467,2
TX4526,3
TX4321,2
TX2278,3
TX2271,4
TX3919,2
TX1687,5
TX4253,5
TX132,4
TX4158,2
TX3566,2
TX3005,2
TX3087,1
TX2956,3
TX2711,5
TX4357,3
TX1305,2
TX3410,2
TX1984,2
TX1449,4
TX2097,3
TX1054,2
TX3117,2
TX4260,3
TX272,2
TX2146,3
TX1071,5
TX4492,5
TX3897,5
TX2374,5
TX4811,3
TX4299,3
TX2902,3
TX2632,4
TX1866,3
TX1343,5
TX640,5
TX4866,5
TX4273,2
TX174,4
TX566,1
TX2446,1
TX2335,2
TX1654,1
TX2453,2
TX2018,1
TX1150,1
TX1207,4
TX3570,5
TX4696,5
TX4703,4
TX885,4
TX3957,1
TX39,2
TX3307,1
TX4379,1
TX4712,1
TX1914,3
TX1599,3
TX1246,4
TX818,2
TX4327,3
TX3199,2
TX853,3
TX1800,3
TX1591,3
TX1287,3
TX2578,2
TX2160,2
TX576,3
TX804,4
TX3077,4
TX2630,4
TX3859,2
TX1676,5
TX1259,4
TX1889,2
TX2327,5
TX4251,1
TX1602,2
TX1136,1
TX2657,5
TX295,3
TX460,4
TX1903,1
TX2098,1
TX410,4
TX1231,5
TX3287,1
TX1374,5
TX828,1
TX872,1
TX1360,1
TX2256,4
TX744,3
TX1242,3
TX3151,2
TX3220,2
TX3081,1
TX3265,5
TX215,2
TX4794,5
TX290,1
TX548,1
TX4136,3
TX544,3
TX528,5
TX2373,3
TX2810,3
TX464,5
TX2226,2
TX2724,1
TX4173,3
TX1690,5
TX317,3
TX3704,5
TX930,1
TX971,2
TX1741,3
TX4533,3
TX78,2
TX1506,5
TX4381,1
TX3916,1
TX1062,2
TX4517,5
TX4180,3
TX2744,4
TX1109,4
TX2852,3
TX1352,5
TX3832,5
TX1331,2
TX3316,2
TX2898,1
TX3340,2
TX4800,2
TX1454,2
TX768,4
TX3313,1
TX637,2
TX1394,5
TX3322,5
TX1363,5
TX2025,4
TX864,1
TX4155,4
TX418,1
TX1589,5
TX4785,4
TX1245,5
TX2287,2
TX124,5
TX850,5
TX3530,2
TX3429,3
TX4968,1
TX2173,5
TX3567,3
TX1316,1
TX1634,1
TX2477,3
TX4539,1
TX1482,4
TX2313,5
TX4017,3
TX1121,2
TX2704,5
TX2068,2
TX3967,3
TX360,4
TX1100,1
TX3441,2
TX127,4
TX2864,2
TX4962,2
TX1615,5
TX4963,2
TX1084,3
TX1630,1
TX4250,1
TX530,3
TX1263,2
TX948,5
TX3825,3
TX419,1
TX1993,1
TX3112,3
TX383,5
TX3411,3
TX2709,2
TX3900,4
TX3835,1
TX1934,2
TX2386,2
TX3419,5
TX3154,2
TX3780,2
TX2886,2
TX3950,5
TX2372,4
TX306,4
TX4214,4
TX4774,3
TX496,4
TX4161,2
TX3311,2
TX2672,2
TX2206,2
TX1750,2
TX4573,4
TX2595,5
TX1994,3
TX4366,3
TX1079,1
TX2853,4
TX3788,4
TX3394,1
TX3336,2
TX187,1
TX4096,2
TX3510,4
TX3443,1
TX2118,1
TX508,5
TX856,5
TX958,4
TX1190,4
TX414,5
TX4478,2
TX857,5
TX2715,3
TX4370,1
TX3487,5
TX3524,1
TX1502,4
TX2838,2
TX2076,1
TX4029,1
TX22,5
TX3494,1
TX3990,5
TX4629,1
TX4491,4
TX186,1
TX4000,1
TX248,3
TX1110,3
TX357,5
TX4325,4
TX438,4
TX2233,5
TX3371,2
TX519,1
TX3528,3
TX1718,1
TX3274,3
TX1971,3
TX1769,3
TX2735,4
TX1843,3
TX1217,5
TX4332,1
TX1551,3
TX4756,2
TX1189,4
TX4623,5
TX1097,3
TX4019,4
TX555,1
TX4755,3
TX1239,2
TX106,5
TX2639,3
TX3927,2
TX1151,2
TX1306,1
TX1913,1
TX1880,1
TX1481,1
TX756,2
TX325,5
TX427,5
TX4522,2
TX3071,2
TX539,3
TX3374,2
TX4467,4
TX4162,2
TX2449,2
TX1310,5
TX3701,3
TX4329,2
TX145,1
TX4242,5
TX4281,5
TX122,3
TX1201,1
TX4174,5
TX1694,5
TX4568,3
TX1378,2
TX3836,4
TX4599,4
TX241,3
TX348,5
TX4480,5
TX1873,2
TX80,1
TX1395,4
TX2060,1
TX34,2
TX180,3
TX2026,1
TX2527,4
TX1791,1
TX3123,3
TX980,1
TX3347,4
TX1070,5
TX3440,1
TX1621,1
TX3097,4
TX4135,2
TX1297,1
TX747,5
TX1933,2
TX3941,2
TX876,4
TX3749,5
TX668,1
TX4319,4
TX1578,2
TX3342,2
TX3421,2
TX2572,4
TX2792,3
TX3868,1
TX1243,2
TX4338,5
TX197,3
TX309,5
TX2447,3
TX1545,4
TX1777,2
TX144,3
TX2069,5
TX4324,1
TX1436,4
TX901,3
TX2516,3
TX2634,3
TX1677,5
TX3447,1
TX1610,5
TX3149,1
TX232,2
TX849,3
TX4557,2
TX2390,3
TX2945,4
TX2169,4
TX3268,5
TX4815,4
TX3016,4
TX3858,1
TX2066,1
TX1972,2
TX3213,1
TX3024,4
TX4031,4
TX506,4
TX361,3
TX1456,3
TX1824,3
TX3675,1
TX1298,3
TX2273,2
TX2727,4
TX4410,1
TX4693,1
TX168,4
TX4624,4
TX2352,5
TX4691,2
TX1197,3
TX2254,1
TX2421,4
TX407,2
TX2972,5
TX3738,1
TX4908,2
TX1492,2
TX3872,1
TX3940,1
TX3381,5
TX1804,4
TX2839,1
TX4979,3
TX4238,1
TX2087,1
TX2538,1
TX4528,5
TX4192,1
TX4608,2
TX3155,5
TX1483,3
TX1408,3
TX4278,4
TX658,5
TX893,3
TX3912,2
TX1832,4
TX4731,5
TX1668,1
TX2299,5
TX4862,2
TX475,4
TX4950,4
TX2867,4
TX3995,3
TX4482,3
TX651,3
TX1023,1
TX1833,1
TX4646,3
TX1906,2
TX4129,2
TX3489,5
TX2130,4
TX3806,2
TX4851,4
TX541,3
TX1962,5
TX1981,1
TX1856,1
TX2425,4
TX3332,5
TX4995,1
TX758,3
TX2922,1
TX3548,5
TX1171,3
TX280,2
TX2808,4
TX2779,1
TX2190,1
TX3504,1
TX3634,3
TX178,3
TX2890,4
TX1504,3
TX4268,5
TX4804,5
TX2973,4
TX4821,3
TX2358,3
TX655,5
TX299,3
TX4990,1
TX4198,2
TX1025,4
TX1087,1
TX4768,3
TX4561,4
TX2450,4
TX3132,2
TX3314,1
TX1969,2
TX4373,3
TX3892,2
TX1622,2
TX1799,2
TX3584,1
TX4882,2
TX2785,1
TX2251,2
TX4694,1
TX1515,5
TX4803,4
TX1064,2
TX3974,2
TX4461,5
TX2869,5
TX976,4
TX4294,4
TX214,1
TX3092,4
TX4347,5
TX3091,4
TX1890,4
TX954,3
TX812,3
TX3650,1
TX3363,1
TX534,3
TX1953,5
TX603,5
TX2225,3
TX3369,1
TX3260,5
TX4459,1
TX808,4
TX2044,2
TX2003,1
TX4468,2
TX1293,2
TX910,4
TX650,1
TX1118,4
TX1965,1
TX4066,5
TX2876,1
TX4660,1
TX2301,1
TX4069,4
TX3961,2
TX1919,4
TX4749,4
TX1375,3
TX1255,1
TX4344,5
TX3432,3
TX2548,1
TX728,5
TX3292,5
TX4360,3
TX1626,1
TX4005,5
TX2818,4
TX4769,3
TX4257,2
TX851,5
TX4021,2
TX2302,1
TX3508,3
TX3239,5
TX1513,5
TX1433,4
TX1350,3
TX45,5
TX4780,1
TX2688,2
TX3409,2
TX28,5
TX262,5
TX622,5
TX4566,4
TX1932,3
TX3377,5
TX4212,1
TX2829,1
TX3673,4
TX775,5
TX3826,5
TX4077,2
TX2177,4
TX4067,2
TX934,5
TX2699,5
TX3010,2
TX3128,3
TX3480,1
TX1229,5
TX1528,5
TX3035,1
TX746,1
TX4516,3
TX3417,2
TX3770,3
TX2432,3
TX3777,3
TX1458,1
TX4075,4
TX2473,4
TX1169,5
TX1658,4
TX2197,1
TX287,2
TX2696,5
TX4663,1
TX3286,2
TX189,5
TX2167,3
TX1869,3
TX1125,2
TX550,5
TX1199,5
TX3209,2
TX3062,3
TX2399,3
TX4365,2
TX2928,1
TX4726,2
TX3351,4
TX940,1
TX1007,3
TX3600,2
TX518,2
TX807,2
TX4937,4
TX816,1
TX998,2
TX1836,3
TX4106,5
TX3810,3
TX4867,3
TX2079,5
TX4271,2
TX2001,1
TX4400,3
TX2528,5
TX2483,1
TX1696,5
TX2879,4
TX1802,5
TX1716,4
TX3724,5
TX3767,5
TX4481,1
TX670,1
TX4378,5
TX3308,4
TX3518,4
TX3582,4
TX91,3
TX2204,3
TX4904,3
TX3865,4
TX1321,4
TX1722,3
TX1977,2
TX3267,2
TX2894,5
TX385,5
TX1444,5
TX1101,1
TX4460,2
TX408,2
TX3725,4
TX1960,1
TX230,3
TX945,4
TX2520,4
TX3731,2
TX748,3
TX2019,5
TX1851,2
TX3519,3
TX1736,2
TX4309,5
TX4157,1
TX2111,4
TX1887,4
TX2831,2
TX4771,1
TX3299,3
TX1911,1
TX3930,4
TX2993,5
TX1547,4
TX4395,5
TX4801,1
TX710,4
TX3179,2
TX3403,3
TX1674,2
TX3383,2
TX4993,4
TX2272,4
TX3980,2
TX3719,5
TX721,3
TX629,4
TX3142,3
TX979,3
TX1817,4
TX1313,2
TX4172,1
TX3580,4
TX2665,3
TX3674,3
TX1597,4
TX1928,5
TX1957,3
TX1548,5
TX1794,2
TX308,1
TX2953,2
TX4716,4
TX4349,4
TX4234,1
TX2842,1
TX404,4
TX201,1
TX4100,1
TX4723,2
TX2936,1
TX2646,2
TX2927,3
TX3542,1
TX84,1
TX4553,5
TX2999,1
TX1585,4
TX4465,2
TX3793,1
TX678,2
TX1311,3
TX2142,5
TX1114,1
TX4374,4
TX372,5
TX4437,3
TX2824,5
TX72,2
TX4123,4
TX3095,4
TX4275,1
TX3665,2
TX3234,1
TX1841,4
TX4085,5
TX1241,2
TX43,2
TX1034,1
TX4944,4
TX2294,3
TX4880,4
TX3,5
TX509,3
TX1792,5
TX3200,5
TX70,2
TX2622,5
TX520,4
TX2211,1
TX944,3
TX3025,3
TX3716,1
TX2391,3
TX3982,2
TX4091,1
TX1127,3
TX239,5
TX3275,4
TX1133,1
TX1152,2
TX3686,4
TX3061,1
TX535,2
TX1488,3
TX273,5
TX681,4
TX1173,2
TX1206,5
TX235,4
TX2144,2
TX4519,1
TX985,1
TX4070,5
TX3401,4
TX3578,1
TX471,5
TX1437,1
TX4841,1
TX4084,5
TX4160,1
TX3964,2
TX109,4
TX601,1
TX2289,4
TX2484,2
TX3140,2
TX1525,2
TX2267,3
TX1365,5
TX1460,1
TX326,2
TX4495,2
TX3960,2
TX2369,4
TX1922,1
TX787,4
TX1678,4
TX4303,4
TX1181,2
TX4556,2
TX963,2
TX1407,3
TX879,4
TX1949,1
TX1893,4
TX1655,1
TX3084,4
TX1632,3
TX4786,2
TX177,3
TX2750,5
TX4110,5
TX2720,2
TX269,5
TX4718,1
TX1104,3
TX4999,3
TX1466,1
TX209,1
TX1400,5
TX2235,1
TX947,5
TX762,3
TX3284,3
TX2114,4
TX4735,1
TX4570,4
TX896,2
TX4354,5
TX3455,3
TX111,1
TX1248,5
TX1905,4
TX3361,3
TX3111,5
TX2652,4
TX2593,4
